4.009597599506378174e-01,2.051690071821212769e-01,1.651750477103639805e-03,1.528376638889312744e-01,5.645881824563390410e+02,2.894508943427354097e-04,2.441329878624510457e+03,4.103356244655509499e+02,1.924631019187435926e-02,2.727410943372381880e+00,1.690316759049892426e-02,1.909213098729227692e-04
9.466421008110046387e-01,1.080874577164649963e-01,1.446139223118479700e-01,1.046496853232383728e-01,6.433158564238379768e+03,4.116253554821014404e-02,4.983766909955743358e+03,1.359187773533476684e+04,2.042081163705845512e-02,3.093111490671740071e+00,6.936296224594116211e-01,9.605532786885246158e-03
4.965353012084960938e-01,9.787964820861816406e-02,2.483263741634965382e-02,1.217605695128440857e-01,4.064322604410446729e+03,1.171028520911931992e-02,4.293561992147341698e+03,1.076627239782374636e+04,1.575660758100541972e-02,3.175969805199572615e+00,2.591148018836975098e-01,1.152683295540438309e-02
7.648292183876037598e-01,1.389247328042984009e-01,8.512702395255573526e-03,3.714409843087196350e-02,1.011261785578411036e+03,6.776354712201282382e-05,1.894604514756305434e+03,1.623490182976973756e+03,1.858135072776729213e-03,3.119025135364247525e+00,8.374057710170745850e-02,4.157218442932728540e-03
3.839770257472991943e-01,3.753240779042243958e-02,8.230046139567784302e-02,5.085302516818046570e-02,6.052924371781160517e+03,8.969687670469284058e-02,4.416343343734786686e+03,1.255784702704651681e+04,4.035114462813314817e-03,2.990272214363794312e+00,8.472343683242797852e-01,1.156658128799819933e-02
2.127283662557601929e-01,3.726093471050262451e-02,8.023390319282855399e-02,1.170694548636674881e-02,6.075286574501745235e+03,6.716684252023696899e-02,5.684236461072794555e+03,1.476323989537478155e+04,8.684991196820768646e-04,3.021075352229651401e+00,2.498591989278793335e-01,5.291005291005291579e-03
2.283509254455566406e+00,1.480878293514251709e-01,1.412955365230529337e-01,2.536612376570701599e-02,4.667554261867629975e+03,8.859492838382720947e-02,4.898699527877565743e+03,1.192207560630861190e+04,3.399337157840877192e-03,3.207968547768214052e+00,5.392608791589736938e-02,3.128575514874141778e-03
1.671461611986160278e-01,3.478826954960823059e-02,1.909076390605440876e-01,8.216953277587890625e-02,7.945007866048063079e+03,2.429644316434860229e-01,5.424042426984981830e+03,1.550336584142736501e+04,2.382875387716174020e-02,3.288813690566999792e+00,1.082332357764244080e-01,3.400024177949709844e-03
6.379520297050476074e-01,3.858600556850433350e-02,3.223762117562492535e-02,4.863338172435760498e-02,2.308550909417657749e+03,1.563072903081774712e-03,2.942355368363551406e+03,5.774885913388278823e+03,2.602922348571730642e-03,3.149371169383091917e+00,2.417144030332565308e-01,8.994708994708994557e-03
5.096433162689208984e-01,8.371280878782272339e-02,6.395319446412219000e-02,7.766617834568023682e-02,3.255050893607799935e+03,5.180579610168933868e-03,3.956221272961950945e+03,8.454473876953125000e+03,4.097979047600588259e-03,3.165248649983743334e+00,2.643783390522003174e-01,9.239607728337236384e-03
1.804992705583572388e-01,8.299366384744644165e-02,1.126216947298323834e-02,1.084574591368436813e-02,1.782666170202032617e+03,9.340915712527930737e-04,3.722447696867393006e+03,5.415129427737840160e+03,9.343705427409904291e-05,2.803087096686040613e+00,7.842888236045837402e-01,8.896221532091096174e-03
3.150456547737121582e-01,1.016149148344993591e-01,2.704341779784949149e-03,9.454506635665893555e-02,5.371360271122954373e+02,3.522988481563515961e-05,2.194685312728395274e+03,6.906833235324352245e+02,9.414904115669343876e-03,2.721208526455120680e+00,3.237210959196090698e-02,1.398337112622827011e-03
4.689203798770904541e-01,8.483035862445831299e-02,4.562035522554584027e-02,1.280258409678936005e-02,4.593053104332951079e+03,2.417453564703464508e-02,5.122236590750933829e+03,1.301518739127733534e+04,5.332985380453307035e-04,3.108323146603498621e+00,3.318250477313995361e-01,8.159607095490715306e-03
4.237800240516662598e-01,4.731884400825947523e-04,6.916328897808209086e-02,3.359368816018104553e-02,7.744647917282099115e+03,1.587260365486145020e-01,4.730958323426284551e+03,1.437118025506212143e+04,1.904255990901963661e-03,2.957133273619891423e+00,8.655015826225280762e-01,1.175926511510245326e-02
1.486627012491226196e-01,5.910358577966690063e-02,5.367263871729571062e-02,4.505736753344535828e-02,5.083305204527321621e+03,7.292097061872482300e-02,4.881480167598677326e+03,1.246390379914558252e+04,9.223901591544793679e-03,3.133836643870363314e+00,2.200384885072708130e-01,5.328798185941042986e-03
7.983203530311584473e-01,5.367893725633621216e-02,1.396407527779019164e-01,2.500730194151401520e-02,6.706064596809125760e+03,2.196918055415153503e-02,5.983524999736652717e+03,1.599965931285511397e+04,2.713765837164004713e-03,3.090642569287898933e+00,3.174439072608947754e-01,2.981870229007633349e-03
3.455702066421508789e-01,3.296044096350669861e-02,2.963605924472911823e-02,8.942564576864242554e-02,6.658163199215870918e+03,8.186820149421691895e-02,4.205175576889174408e+03,1.291316774917460862e+04,9.760637153147674189e-03,3.098754694378784702e+00,6.445782780647277832e-01,1.141345427059712800e-02
2.221602201461791992e-01,9.607189148664474487e-02,2.585127866449175860e-02,1.994660682976245880e-02,4.529091203883202070e+03,2.029370144009590149e-02,5.434817136512477191e+03,1.331706947350280643e+04,6.733864887891240778e-04,2.641320934660528419e+00,8.316117525100708008e-01,1.130007558578987117e-02
5.833652019500732422e-01,9.819479286670684814e-02,8.225743348146966061e-02,1.031798031181097031e-02,5.850422714349257149e+03,4.321055859327316284e-02,5.135535810356978800e+03,1.351375951587780582e+04,6.240007811693042529e-04,2.912880864979786377e+00,8.300267457962036133e-01,1.060704960835509060e-02
4.750737845897674561e-01,1.025010943412780762e-01,3.186092535332343129e-02,4.455661401152610779e-02,2.201856134022560582e+03,1.309533836320042610e-03,3.148993823345287637e+03,6.525156376605432342e+03,2.725622305803725685e-03,3.091473882736608836e+00,4.818926453590393066e-01,1.077097505668934280e-02
7.755522131919860840e-01,5.466617271304130554e-02,4.130137488548381308e-03,5.883431062102317810e-02,6.143129515769388718e+02,6.788135215174406767e-05,1.422940321563684165e+03,1.268046498962969281e+03,3.803871287498889180e-03,3.010207961896449902e+00,2.137626856565475464e-01,8.049886621315192892e-03
3.144851922988891602e-01,1.572228223085403442e-02,7.703886389289303638e-02,9.132983535528182983e-02,5.715420452721643414e+03,8.318277448415756226e-02,4.505252886681566451e+03,1.270874830441713857e+04,1.163204114670333966e-02,3.126239481824056199e+00,6.971539258956909180e-01,1.060678585637557167e-02
1.301112413406372070e+00,2.046272754669189453e-01,7.840406438919263199e-02,1.146141961216926575e-01,3.383217469844821153e+03,2.741827070713043213e-02,4.202774635489824504e+03,8.129027672151548359e+03,2.312079083140066577e-02,3.174173609901706161e+00,2.356399782001972198e-04,0.000000000000000000e+00
5.638872981071472168e-01,1.049131620675325394e-02,1.272798442617619624e-02,1.074815765023231506e-01,1.842448685950431354e+03,6.641779327765107155e-04,2.758340363581089605e+03,5.963959770084534284e+03,1.267677759788211900e-02,3.114471736377850686e+00,4.517816603183746338e-01,1.201814058956916093e-02
5.220854282379150391e-01,6.278969347476959229e-02,1.258744668393058964e-02,1.068031415343284607e-01,1.924389370401514952e+03,9.081313037313520908e-04,2.952434183716130065e+03,6.302895220588235134e+03,1.419779730356660920e-02,3.161628219802568474e+00,3.547520637512207031e-01,1.182917611489040129e-02
7.862139344215393066e-01,5.707904100418090820e-01,8.437912358758426282e-03,6.168852746486663818e-02,6.757278959256134840e+03,2.771575748920440674e-02,6.246612419457492251e+03,1.584778147051411361e+04,2.468026051085302555e-02,3.150060374794463325e+00,6.315858662128448486e-02,1.051952423698384199e-03
7.586504817008972168e-01,4.614921808242797852e-01,1.657202010767865052e-02,1.918831840157508850e-02,6.431186848233367527e+03,2.643323875963687897e-02,6.377807567222563193e+03,1.597746816138698705e+04,5.163214251893631125e-03,3.054769397802882924e+00,1.405072808265686035e-01,1.148897058823529450e-03
8.360076546669006348e-01,5.263563990592956543e-01,1.390661900866839960e-02,8.941359817981719971e-02,6.017668689520460248e+03,2.673510275781154633e-02,5.609987777743461265e+03,1.382333464926861780e+04,3.334578039977127706e-02,3.149172468851784590e+00,1.460016667842864990e-01,2.080955098934550874e-03
3.868546187877655029e-01,1.381369233131408691e-01,1.704790665017693815e-02,4.486950114369392395e-03,7.626862950994046514e+03,3.641737252473831177e-02,6.909695029088859883e+03,1.795418343892911435e+04,6.597732427095706490e-04,3.110651679838355665e+00,1.131306365132331848e-01,1.591140529531568119e-03
7.065185308456420898e-01,2.263636887073516846e-02,3.109539427310057183e-02,2.569871954619884491e-02,7.592635797126929901e+03,3.710164502263069153e-02,6.976936532159782473e+03,1.826928349247685037e+04,1.206654486486146436e-03,3.124235736235511318e+00,2.601737082004547119e-01,1.047036082474226727e-02
4.464052319526672363e-01,8.528987318277359009e-02,4.449061529428203349e-02,4.800546914339065552e-03,6.379960935890851943e+03,3.775199875235557556e-02,6.156692345160822697e+03,1.577942850708250444e+04,3.084896130593154512e-04,3.067530862486151477e+00,3.568035960197448730e-01,3.886815920398010039e-03
3.172861039638519287e-01,1.679900437593460083e-01,4.741003294343597296e-02,2.113444916903972626e-02,5.816206838607094141e+03,4.552824422717094421e-02,5.490845733174479392e+03,1.340797109774616365e+04,3.970082587509108848e-03,3.166613904912553235e+00,5.437658354640007019e-02,2.581956289978678057e-03
3.183921873569488525e-01,2.436634302139282227e-01,2.239744296511027646e-02,9.342056512832641602e-02,3.714936364242998479e+03,1.517341006547212601e-02,4.497577063839426955e+03,9.629039947472594577e+03,1.785260814829610701e-02,3.055620321973409492e+00,2.416962385177612305e-01,8.726391145410235944e-03
1.517647206783294678e-01,1.040513291954994202e-01,6.181375530560324211e-03,1.347913444042205811e-01,1.843042794455377361e+03,7.214404758997261524e-04,2.947849610543791187e+03,6.010580321509771238e+03,1.889313387397454844e-02,2.973213441927212042e+00,3.848096430301666260e-01,1.330309901738473133e-02
2.352841049432754517e-01,6.623709946870803833e-02,3.452375299494537392e-02,6.231412291526794434e-02,3.085524749200313181e+03,1.183654833585023880e-02,3.993761281694409263e+03,8.187328365796232902e+03,9.902513838493519349e-03,3.041053834151091095e+00,1.618298739194869995e-01,7.723791111981206242e-03
1.734390109777450562e-01,2.634986676275730133e-02,1.097962280038426025e-02,7.480628043413162231e-02,2.093181222015847652e+03,3.698909189552068710e-03,3.471058282268978928e+03,6.475623222019361492e+03,1.139119181406327702e-02,3.015729335376985176e+00,2.197754830121994019e-01,7.876217716357044457e-03
5.937634706497192383e-01,1.233562380075454712e-01,1.398271422495666813e-02,2.697952464222908020e-02,1.459474557818660969e+03,3.913713153451681137e-04,3.323532573446344031e+03,3.859198179108103886e+03,3.100294880146434867e-03,2.993405887102444485e+00,2.020699977874755859e-01,3.832406078009093116e-03
3.838558793067932129e-01,5.762192234396934509e-02,3.889342254963704115e-02,1.605105027556419373e-02,5.777821433178326515e+03,8.231921494007110596e-02,4.883246941100425829e+03,1.293483845146816930e+04,4.802011505932414688e-04,2.078409233691023594e+00,1.800919890403747559e+00,1.307634164777021941e-02
6.321441531181335449e-01,1.873202994465827942e-02,5.613211214044251662e-02,8.485286496579647064e-03,5.568009906687741022e+03,1.748157106339931488e-02,5.648205345850235062e+03,1.427922143993263489e+04,5.812384151946448129e-04,2.878038692969551615e+00,8.756888508796691895e-01,8.242155594881568625e-03
1.071794986724853516e+00,1.929664313793182373e-01,5.121936308925675169e-02,2.574504911899566650e-01,3.230551235656081644e+03,1.685147057287395000e-03,2.234495363879197612e+03,4.686009601343457689e+03,9.656369977828974105e-02,2.844566890218169775e+00,1.536806821823120117e-01,3.857523388773389204e-03
4.530914425849914551e-01,1.162949576973915100e-01,5.799860635936683606e-02,2.891233749687671661e-02,6.236541483836408588e+03,4.749340191483497620e-02,5.291037125803368326e+03,1.386126201617828519e+04,3.953432670225539777e-03,3.144459788941217138e+00,1.285207718610763550e-01,4.006046863189720308e-03
2.786635160446166992e-01,3.090228885412216187e-02,1.493968549835594795e-02,1.029685605317354202e-02,2.039871920596813652e+03,1.282262615859508514e-03,3.695775542652893819e+03,6.555166141311771753e+03,1.551848371820557456e-04,2.875461626084119704e+00,6.971610188484191895e-01,9.393217148409035641e-03
7.006499171257019043e-01,4.322958737611770630e-02,7.489305273803213529e-03,1.233359053730964661e-01,9.086581832239797905e+02,7.613592897541821003e-04,2.000854326123675719e+03,2.365353208327195262e+03,2.028324936596867176e-02,3.036449197514269560e+00,3.434008955955505371e-01,1.047962116745283084e-02
4.036648571491241455e-01,9.853579103946685791e-03,8.859273688761495902e-02,6.569796800613403320e-02,7.573405811127733614e+03,1.537622064352035522e-01,4.902424057509614613e+03,1.451317244276394558e+04,6.392924804021793937e-03,2.918603736290338979e+00,9.417303800582885742e-01,1.260080645161290244e-02
4.002409875392913818e-01,3.940490260720252991e-02,1.646867499853404623e-02,3.511004522442817688e-02,1.556612936154007230e+03,8.750231936573982239e-04,3.192069643993859245e+03,4.512718545541674757e+03,2.236969654546663508e-03,3.014172998770632717e+00,1.895892322063446045e-01,5.442176870748299811e-03
7.840365171432495117e-01,7.001906633377075195e-02,1.409992380480125200e-02,1.499934196472167969e-01,2.431730091769879891e+03,6.951740360818803310e-04,3.561771669063337868e+03,5.147798038636198726e+03,2.847777097659130036e-02,2.874908160933051349e+00,1.907775849103927612e-01,8.805744520030233183e-03
2.859661877155303955e-01,7.548766583204269409e-02,1.046964096837002117e-01,1.570843346416950226e-02,5.563703606121300254e+03,8.961143344640731812e-02,4.930748476662306530e+03,1.292859268770873132e+04,5.917167008958750278e-04,2.728496125798636207e+00,9.222983717918395996e-01,1.180699172764874266e-02
3.522494137287139893e-01,2.436179434880614281e-03,6.676213171075266739e-02,7.500531151890754700e-03,6.011035573782462052e+03,9.106264263391494751e-02,5.302018162365256103e+03,1.393639489519337803e+04,4.597597066057429525e-04,2.567698988111311031e+00,1.233195662498474121e+00,1.080876795162509507e-02
2.767258584499359131e-01,1.947743073105812073e-02,1.641820016513460823e-02,4.952804371714591980e-02,2.653268114664206223e+03,5.217778030782938004e-03,4.042707344939557061e+03,7.748780302004333862e+03,6.884761433108088982e-03,3.000395100469086529e+00,2.100895196199417114e-01,6.990577548806942154e-03
2.436548024415969849e-01,4.534864798188209534e-02,1.105209112315944098e-02,7.923462986946105957e-02,1.985036903974169263e+03,1.733548589982092381e-03,3.222358984783266351e+03,6.637520354717191367e+03,1.247860301465555412e-02,2.911460868871394325e+00,2.487260699272155762e-01,8.825059453032104567e-03
4.004067182540893555e-01,8.570073544979095459e-02,1.621422245843334720e-01,8.981587365269660950e-03,8.916163237177752308e+03,3.667809367179870605e-01,5.954466282231384866e+03,1.719361669921875000e+04,1.410738980559243533e-03,3.181353060808000066e+00,2.285257279872894287e-01,1.957039078156312412e-03
4.197574853897094727e-01,1.031975634396076202e-02,1.392938016107380869e-02,2.105934545397758484e-02,1.027913390924733903e+03,7.832045666873455048e-04,2.792737677321500996e+03,2.190662920961769487e+03,2.877442078625125094e-03,3.050760898850923830e+00,3.551296144723892212e-02,6.778063267485317503e-04
1.121765151619911194e-01,4.335661232471466064e-02,1.662859904049714954e-01,5.978289246559143066e-02,8.663798046344814793e+03,3.283831477165222168e-01,5.642621473428455829e+03,1.605421063917064384e+04,1.816738525795374634e-02,3.251975722372649980e+00,4.549494758248329163e-02,1.869019138755980856e-03
4.197689294815063477e-01,9.091760218143463135e-02,3.366761536651986797e-02,4.252287745475769043e-02,3.145483433810800307e+03,6.128545850515365601e-03,3.467553020439903776e+03,7.945460288221991505e+03,3.101308107507877269e-03,3.156627774651596496e+00,5.409511923789978027e-01,1.228269085411942338e-02
3.616848587989807129e-01,1.872183009982109070e-02,1.771878493915385877e-01,9.742919355630874634e-03,8.531499568826422546e+03,2.924711108207702637e-01,6.194944537315187517e+03,1.744296406120654137e+04,1.842445240586864947e-03,3.117906222393173721e+00,2.222204655408859253e-01,1.295605306799336607e-03
4.101184904575347900e-01,1.420342326164245605e-01,3.780277579427680779e-02,3.056242875754833221e-02,2.241008242791402608e+03,2.524555660784244537e-03,3.362622177573321096e+03,6.195109630128293247e+03,5.793828628572162201e-03,3.226858068528305701e+00,1.267598867416381836e-01,3.324924492037342229e-03
7.017062902450561523e-01,6.427934765815734863e-02,1.116531189077700666e-02,1.578896641731262207e-01,1.175337913556934836e+03,2.417894720565527678e-04,2.391546513534215137e+03,2.756570831393309618e+03,2.693435412156123046e-02,3.087083210600041205e+00,1.899475306272506714e-01,7.974300831443690077e-03
5.662085413932800293e-01,4.439124464988708496e-02,1.703194904031715695e-02,2.231269031763076782e-01,4.571593746132781234e+03,1.586025767028331757e-02,4.594393986959247741e+03,1.114711176160688410e+04,2.373918062732768494e-02,3.251335713055790055e+00,1.684823632240295410e-01,7.180650037792894909e-03
1.743579208850860596e-01,1.228574588894844055e-01,2.146577099363254082e-01,1.231900453567504883e-01,5.693582249324228542e+03,1.762090772390365601e-01,4.453770490473814789e+03,1.074609820822010806e+04,3.522648483023060190e-02,3.180879674679015778e+00,1.182515248656272888e-01,3.968613933236574999e-03
3.865480720996856689e-01,2.853931300342082977e-02,1.694985873867381199e-01,7.262394763529300690e-03,9.286153589845684110e+03,3.653815388679504395e-01,6.250633856705268954e+03,1.807991180419921875e+04,1.076058788401653820e-03,3.208882792786941440e+00,1.405986100435256958e-01,1.310822147651006771e-03
2.242925167083740234e+00,2.839756906032562256e-01,4.692746530399631577e-03,2.207645922899246216e-01,1.548113986076267338e+03,1.579206204041838646e-03,2.580207936346086171e+03,4.203489278889388515e+03,6.889686956116868044e-02,3.266343138122099532e+00,9.846145659685134888e-02,3.817836934156378786e-03
1.534152179956436157e-01,5.710294470191001892e-02,2.178885863366618048e-01,7.422108948230743408e-02,6.208733717901779528e+03,1.990288645029067993e-01,4.762467990794983962e+03,1.192680796030405327e+04,1.362806870762446089e-02,3.161799575494429693e+00,8.058367669582366943e-02,3.524436090225564148e-03
6.847043037414550781e-01,7.202074676752090454e-02,4.700283501226041466e-02,8.712268620729446411e-02,5.483605131998925572e+03,7.664705626666545868e-03,6.024269312276390338e+03,1.448672356404049242e+04,2.348688420699024046e-02,3.180652478324925259e+00,1.342901438474655151e-01,4.898119122257052829e-03
6.976146697998046875e-01,6.357601378113031387e-03,9.275091725257098366e-03,1.793138384819030762e-01,2.539777285186057725e+03,1.764258136972784996e-03,4.008166163068220158e+03,8.091974306242700550e+03,3.834874702654616357e-02,3.092758894540218240e+00,4.362450242042541504e-01,1.221970729491173371e-02
7.743754386901855469e-01,2.588127506896853447e-03,4.823684542397153885e-02,3.848582506179809570e-02,5.690745859757133985e+03,1.548866461962461472e-02,6.415233223295521384e+03,1.582430406102594316e+04,4.795834719935000191e-03,3.144690674221117810e+00,1.780090630054473877e-01,4.438920454545454940e-03
8.303979635238647461e-01,2.747481921687722206e-03,2.564543557588122927e-02,9.662973694503307343e-03,6.268145123311251155e+03,6.814715918153524399e-03,7.211512222035056766e+03,1.761410632324218750e+04,1.264022304256249164e-03,3.194157005530589011e+00,8.113599568605422974e-02,9.790100250626565873e-04
3.325972080230712891e+00,2.027149796485900879e-01,1.914327229255452859e-02,6.253124773502349854e-02,7.951371584804974191e+03,1.554028969258069992e-02,7.313567399645470687e+03,1.841377903471056925e+04,4.101178480170279000e-03,3.228375469967683653e+00,1.462747901678085327e-01,3.959037162162162490e-03
6.205990910530090332e-01,8.034060150384902954e-02,2.609453010261744005e-02,1.309573370963335037e-02,4.294100783782559120e+03,6.469831336289644241e-03,5.295916517744177327e+03,1.257077084443727472e+04,6.141712880865509783e-04,3.043021803993286145e+00,1.836142241954803467e-01,6.402250785810507765e-03
6.167560219764709473e-01,7.310080528259277344e-02,1.127411496050587797e-01,2.585812285542488098e-02,6.001462879066792993e+03,4.332806915044784546e-02,6.034079639899057838e+03,1.537649239288422723e+04,2.792677802114300247e-03,3.106101595652772662e+00,2.904509305953979492e-01,7.314334514170040338e-03
8.006759881973266602e-01,1.387069583870470524e-03,1.043598038468694228e-01,7.933481596410274506e-03,9.988754673651097619e+03,3.991273939609527588e-01,6.525612754018082342e+03,1.926819792716733718e+04,6.609722527289465079e-04,3.217350401683917394e+00,3.790125548839569092e-01,9.472430715935335754e-03
1.644353717565536499e-01,2.082742005586624146e-02,1.971314761131899018e-01,7.976134121417999268e-02,6.717030423905161115e+03,1.670645177364349365e-01,5.209637389759180223e+03,1.306191671530135864e+04,1.856854163750484496e-02,3.157159502497453474e+00,7.709161192178726196e-02,3.653805272108843691e-03
5.956951975822448730e-01,8.281139284372329712e-02,1.353328600389674119e-01,3.199598286300897598e-03,6.239821321821054880e+03,1.317100971937179565e-01,5.803401313401249354e+03,1.507361996299342172e+04,1.276942463829630506e-04,2.967560175849651039e+00,5.626806020736694336e-01,7.730815907393577199e-03
1.896491348743438721e-01,1.583428680896759033e-02,1.962569074278706638e-01,9.991008788347244263e-02,5.772221373672474328e+03,1.422794610261917114e-01,4.725578898445515733e+03,1.162380003210616451e+04,2.315983474902643183e-02,3.090424036611587599e+00,2.339755892753601074e-01,5.894204389574759714e-03
3.075481355190277100e-01,1.216412056237459183e-03,7.377812900323020562e-02,6.678743660449981689e-02,5.300116638336057804e+03,5.801520496606826782e-02,4.615234259543204644e+03,1.249687026646853155e+04,7.016484000264951171e-03,2.891687303158931410e+00,1.254688978195190430e+00,1.250944822373393876e-02
1.508093774318695068e-01,3.227817267179489136e-02,2.068132419132488742e-01,6.283114850521087646e-02,6.553799614738786659e+03,2.004093974828720093e-01,5.149045025103650914e+03,1.331049719398198613e+04,1.148196449993382252e-02,3.155991688118255922e+00,1.613528132438659668e-01,5.124817784256560128e-03
2.395368516445159912e-01,1.009058952331542969e-01,1.760268796820501358e-01,8.739382028579711914e-02,7.982069143850536420e+03,2.003059834241867065e-01,5.683992657191615763e+03,1.567845777766719766e+04,4.206288708673713156e-02,3.240724566139445706e+00,7.976450771093368530e-02,2.077792553191489325e-03
4.302245974540710449e-01,5.607680976390838623e-02,1.306011167745600998e-01,4.446916282176971436e-02,7.883621350711161540e+03,2.022438943386077881e-01,5.272577978158883525e+03,1.560210632733850616e+04,5.301935288900017432e-03,3.103100938450432000e+00,4.255760908126831055e-01,6.780165173572228962e-03
7.815673351287841797e-01,3.324537724256515503e-02,9.036013519374786959e-03,8.317661285400390625e-02,8.733484786336983916e+02,6.154918111860752106e-03,2.007907321590607125e+03,1.949407404119318244e+03,1.356599972433268977e-02,3.077514139784685909e+00,1.281715929508209229e-01,3.561930091185409961e-03
1.947816014289855957e-01,7.613760977983474731e-02,4.478767743280941821e-02,6.377772986888885498e-02,3.004739302201920964e+03,2.193964645266532898e-02,4.119369043707243691e+03,8.043297196615591020e+03,8.693760142082536738e-03,3.032600690437958324e+00,2.330257147550582886e-01,7.482993197278911372e-03
3.731901049613952637e-01,9.127774834632873535e-02,1.377659575235102851e-01,6.073700636625289917e-02,5.458988436228585670e+03,1.068323329091072083e-01,4.061347345272961775e+03,1.104045323988970631e+04,5.681183836856710904e-03,3.176813196685103868e+00,3.689615130424499512e-01,9.614098448368111477e-03
4.447714388370513916e-01,1.273871064186096191e-01,1.005499220015011914e-02,2.733986079692840576e-02,7.170288066453027795e+02,1.634398708119988441e-03,2.494290973302400289e+03,1.105112436655405418e+03,1.149489195854871450e-03,3.119063962126491951e+00,2.370789945125579834e-01,3.230733082706766738e-03
4.365439116954803467e-01,8.695337176322937012e-02,1.441574415796361697e-01,5.305671319365501404e-02,5.149057779835570727e+03,1.051517203450202942e-01,4.066115412233539246e+03,1.085639054481595304e+04,4.298138827096787719e-03,3.168651015099414270e+00,4.335925877094268799e-01,1.020141353955375356e-02
7.496403455734252930e-01,6.165957823395729065e-02,5.571513263816508382e-02,3.379912674427032471e-02,4.037969024826735676e+03,5.016492679715156555e-03,5.358839600009185233e+03,1.280251394127155254e+04,2.992557988480638777e-03,3.249133472924008004e+00,1.870348304510116577e-01,4.316298342541435851e-03
4.713478386402130127e-01,9.732142835855484009e-02,1.134072609576088422e-02,1.599395275115966797e-02,7.672608900896798332e+02,1.911500818096101284e-03,2.596773819084455226e+03,1.401937388921800903e+03,1.564827226390132740e-03,3.158718910868219432e+00,1.137051731348037720e-01,2.163271360759493490e-03
6.683748960494995117e-01,5.491901561617851257e-02,9.091232360183973404e-02,1.927460543811321259e-02,1.052597148919637220e+04,3.593720793724060059e-01,6.412434278051557158e+03,1.925564008551790175e+04,6.106951528197458214e-03,3.265608747230588804e+00,6.546447426080703735e-02,1.001602564102564014e-03
5.203029513359069824e-01,2.830188870429992676e-01,8.913435723156923340e-02,2.447582595050334930e-02,9.798126229990473803e+03,3.784254193305969238e-01,6.042899378015754337e+03,1.811391732712422527e+04,4.965085839941048296e-03,3.291324993438605517e+00,1.096683666110038757e-01,1.213121118012422265e-03
5.037293434143066406e-01,9.266248345375061035e-02,2.564011106971167409e-02,2.134335972368717194e-02,8.115043584004785089e+02,1.693319645710289478e-03,2.543029828728850134e+03,1.309489885500549008e+03,1.213595834497144168e-03,3.095796223663170643e+00,2.203774005174636841e-01,2.577437683284457357e-03
3.854627907276153564e-01,7.616519927978515625e-02,5.191169591623317342e-02,2.385695837438106537e-02,6.596001190400685118e+03,1.130554378032684326e-01,5.163198314334459610e+03,1.426546790533390595e+04,1.157784455884071188e-03,3.029082301724803639e+00,7.240341305732727051e-01,1.050642479213907861e-02
3.726396560668945312e-01,1.613737195730209351e-01,1.549716565632911804e-02,6.746162474155426025e-02,8.205277982507942625e+02,1.884226338006556034e-03,2.644794273579771925e+03,1.522244863435039406e+03,2.351716393666355379e-03,3.115674060521176791e+00,3.144921064376831055e-01,4.004830441640378803e-03
4.212172627449035645e-01,2.871257066726684570e-02,6.792862039518765549e-02,4.097404703497886658e-02,6.944183384219370055e+03,1.216440498828887939e-01,4.817031772846468812e+03,1.388889101577617112e+04,2.831529787684897506e-03,3.193999322195640200e+00,4.440775215625762939e-01,9.410430839002267844e-03
2.941381633281707764e-01,4.510918166488409042e-03,5.988605400525626177e-02,3.190332651138305664e-02,6.745865841010104305e+03,1.008402034640312195e-01,4.177307193036721401e+03,1.273655730164265515e+04,1.849579516561750472e-03,2.436685780631532960e+00,1.441869258880615234e+00,1.088925755219902203e-02
3.852969110012054443e-01,3.731835260987281799e-02,5.255255049748008833e-02,1.093413159251213074e-01,9.878405492358495394e+03,1.965433657169342041e-01,4.888179068550606644e+03,1.594665773940898362e+04,1.299900147470992202e-02,3.278880550346227718e+00,2.645043432712554932e-01,9.486016628873770659e-03
3.290736675262451172e-01,1.733967512845993042e-01,6.416514336763731383e-03,7.894130051136016846e-02,7.249957888119436120e+02,2.366769360378384590e-03,2.514192294375023721e+03,1.375236399580792749e+03,1.206284702953856107e-03,3.142441222858651351e+00,2.849751412868499756e-01,4.375636456211812707e-03
4.924693405628204346e-01,2.571393921971321106e-02,1.433938460195260944e-01,8.460017852485179901e-03,6.820324093299678680e+03,1.001146584749221802e-01,5.335743389897613270e+03,1.450624649025619146e+04,8.660866636961742603e-04,3.005218271645552885e+00,5.875245928764343262e-01,7.305835559873694388e-03
3.990077674388885498e-01,1.334541887044906616e-01,9.318254829442179643e-03,3.124403953552246094e-02,7.747136780012106101e+02,2.042914042249321938e-03,2.531191065950019038e+03,1.490703533448193866e+03,1.195511272506988775e-03,3.084904063515359951e+00,3.818021714687347412e-01,4.092261904761904968e-03
3.822467923164367676e-01,9.710019081830978394e-02,9.692096942987576957e-02,2.763685770332813263e-02,9.118480929757599370e+03,3.207656741142272949e-01,5.738549108238271401e+03,1.713616017308728624e+04,4.213607832704876696e-03,3.279326859064333188e+00,5.038366094231605530e-02,3.035945595854922224e-03
1.886854171752929688e-01,6.048152968287467957e-02,1.468313881984867897e-01,2.022895961999893188e-02,9.750028649806530666e+03,3.496712446212768555e-01,6.392682636216565697e+03,1.878833020397068321e+04,6.373985618572970170e-03,3.268950108086925876e+00,4.084892198443412781e-02,1.009366925064599614e-03
5.428828001022338867e-01,3.881687223911285400e-01,1.120593639162653365e-01,1.663004420697689056e-02,6.074067428788683173e+03,1.105602085590362549e-01,5.473766099796752314e+03,1.415054575789898445e+04,1.583342894808106470e-03,3.105665479535009599e+00,2.732807695865631104e-01,5.291717980295566545e-03
4.202238917350769043e-01,1.580728031694889069e-02,1.307553504411730905e-01,1.430298760533332825e-02,1.015995423304690848e+04,3.783926963806152344e-01,6.547522703440674377e+03,1.937352205602134200e+04,2.345536370544965433e-03,3.278500907174334067e+00,1.032235939055681229e-02,5.307404891304347543e-04
4.991610944271087646e-01,3.307945132255554199e-01,1.606435102659937997e-01,2.716510929167270660e-02,6.445040936533743661e+03,1.816297322511672974e-01,5.424357752899955813e+03,1.417887369791666606e+04,3.725861233239830678e-03,3.106467970155184943e+00,2.555988430976867676e-01,4.397764900662251564e-03
1.661568731069564819e-01,4.733903333544731140e-02,1.332745160692120345e-01,1.590069755911827087e-02,1.000385633871530445e+04,4.079572856426239014e-01,6.310997336399786946e+03,1.885072320902122738e+04,3.884725223751483818e-03,3.265482799010812620e+00,7.140269037336111069e-03,0.000000000000000000e+00
4.144798219203948975e-01,6.781198829412460327e-02,6.368104954862910394e-02,2.121774107217788696e-02,3.041313372603922744e+03,8.777911774814128876e-03,3.694312171681594918e+03,7.552029699714371418e+03,1.137159186638183640e-03,3.054337066159158898e+00,4.061415791511535645e-01,9.166290613718411709e-03
4.784895181655883789e-01,8.651075512170791626e-02,5.783309640569796878e-02,1.862443797290325165e-02,3.691323489628757670e+03,9.617241099476814270e-03,3.923005864153135008e+03,8.290140220368526570e+03,6.838518319693079762e-04,2.933588334992628166e+00,4.694132804870605469e-01,8.830618351063830931e-03
0.000000000000000000e+00,0.000000000000000000e+00,5.445318662291936951e-02,2.902733860537409782e-03,5.472632802752494172e+03,4.556816071271896362e-02,5.124289637513047637e+03,1.332760360188288723e+04,3.776582965513173109e-04,2.912167607932436120e+00,2.603339850902557373e-01,4.523026315789473867e-03
0.000000000000000000e+00,0.000000000000000000e+00,5.910634112363581660e-02,4.992263857275247574e-03,4.832839675457087651e+03,3.864308074116706848e-02,4.912481352772102582e+03,1.232437019348144531e+04,4.838411439893653982e-04,2.931059953736258716e+00,2.060242742300033569e-01,3.491620111731843362e-03
0.000000000000000000e+00,0.000000000000000000e+00,3.886348661026765156e-02,1.092057302594184875e-02,5.813100588023095952e+03,4.943367838859558105e-02,5.451833191270363386e+03,1.436047314647659368e+04,5.993201178120173859e-04,2.876280707491342792e+00,5.119871497154235840e-01,1.142785904255319215e-02
0.000000000000000000e+00,0.000000000000000000e+00,4.225083686981435938e-02,7.913075387477874756e-03,5.661919023054559148e+03,4.673575237393379211e-02,5.718218665628050985e+03,1.482113675369656994e+04,4.946610366826649074e-04,3.035206351387633728e+00,2.310957908630371094e-01,6.225099601593625173e-03
0.000000000000000000e+00,0.000000000000000000e+00,3.545766096466019396e-02,6.944015622138977051e-03,5.796854727133060805e+03,3.921706974506378174e-02,5.867731862374703269e+03,1.527411978269004067e+04,4.641977033150932450e-04,2.983793229231762378e+00,2.833850383758544922e-01,6.950118010167029466e-03
0.000000000000000000e+00,0.000000000000000000e+00,6.364955536319867602e-02,4.250380676239728928e-03,4.668781295264921027e+03,4.119411483407020569e-02,4.365764869066008941e+03,1.085260413385206630e+04,5.693069576898466969e-04,2.871711702159345680e+00,3.292549252510070801e-01,5.129419191919191989e-03
0.000000000000000000e+00,0.000000000000000000e+00,3.733665996949314669e-02,1.536888722330331802e-02,3.257221520881834294e+03,4.218203015625476837e-03,3.524336266788464854e+03,8.527788235550138779e+03,7.062759053043279455e-04,2.775101850692920369e+00,1.182342886924743652e+00,1.143558317843866232e-02
0.000000000000000000e+00,0.000000000000000000e+00,3.586011621492230655e-02,1.210499554872512817e-02,3.121016773870008819e+03,3.944466821849346161e-03,3.595877719035987411e+03,8.503736763946280917e+03,6.148920359511693629e-04,2.665007063226574768e+00,1.190580844879150391e+00,9.873334099264706801e-03
0.000000000000000000e+00,0.000000000000000000e+00,3.051738669786388872e-02,9.562184102833271027e-03,2.986297527882803479e+03,3.213680349290370941e-03,3.487197834837511891e+03,8.193653500814572908e+03,4.407779985718556274e-04,2.630381466477308194e+00,1.214522242546081543e+00,1.018906673441734474e-02
0.000000000000000000e+00,0.000000000000000000e+00,4.451122721265809989e-02,1.439756900072097778e-02,2.932856204245812933e+03,2.998545300215482712e-03,3.448381589678405362e+03,8.124618665763741774e+03,5.377867170249322169e-04,2.829920614092266806e+00,8.552010655403137207e-01,9.503922778561353993e-03
0.000000000000000000e+00,0.000000000000000000e+00,4.118851654852576788e-02,1.311755739152431488e-03,5.996023234333405526e+03,5.531917512416839600e-02,5.678520598257258825e+03,1.478647549143145079e+04,3.438710182082465439e-05,2.879180300464919462e+00,5.086149573326110840e-01,5.551518087855296900e-03
0.000000000000000000e+00,0.000000000000000000e+00,3.959048113616023268e-02,1.335546281188726425e-02,5.508507251763335262e+03,6.381760537624359131e-02,5.146785677904014847e+03,1.351343022373197891e+04,7.099832361936739625e-04,2.972717870068010804e+00,6.797574758529663086e-01,1.045150501672240800e-02
0.000000000000000000e+00,0.000000000000000000e+00,7.162943923016437675e-02,8.644156157970428467e-03,5.390674146767337334e+03,7.054919004440307617e-02,4.274933408258368218e+03,1.157680018756883328e+04,2.892115905646687750e-04,2.596604339199287015e+00,1.358850479125976562e+00,1.119234099496221532e-02
0.000000000000000000e+00,0.000000000000000000e+00,8.066751894537262102e-02,2.506593242287635803e-02,4.567762068906015884e+03,4.211664199829101562e-02,4.850611556397847380e+03,1.209426943272440622e+04,2.169881465317119711e-03,2.923272375704804915e+00,6.462150812149047852e-01,1.102258663366336745e-02
0.000000000000000000e+00,0.000000000000000000e+00,4.083845490929614852e-02,2.547463402152061462e-02,4.131370374325551893e+03,1.419423613697290421e-02,5.103058358781680909e+03,1.250460890246975760e+04,1.297973663242247156e-03,2.784941994824999156e+00,7.675193548202514648e-01,1.167457592891760904e-02
0.000000000000000000e+00,0.000000000000000000e+00,5.285257963551543564e-02,1.575254462659358978e-02,4.227862430415520976e+03,1.676343567669391632e-02,5.099963789710944184e+03,1.262136477315670163e+04,6.483408646459692601e-04,2.810935926376269656e+00,6.073935627937316895e-01,8.269279233870966903e-03
0.000000000000000000e+00,0.000000000000000000e+00,5.368604746189840904e-02,1.743006706237792969e-02,1.422834682918324916e+03,1.002229098230600357e-02,1.637167915518190739e+03,3.906885846690498056e+03,2.676915716185719434e-03,3.151425430834030816e+00,2.222232669591903687e-01,2.170138888888888985e-03
0.000000000000000000e+00,0.000000000000000000e+00,8.163869229000819683e-02,4.450342152267694473e-03,5.455282951089379821e+03,6.861107051372528076e-02,4.985465280873363554e+03,1.289733379717452044e+04,2.777596040307480350e-04,2.906841706296640737e+00,7.853338718414306641e-01,9.994669509594883081e-03
0.000000000000000000e+00,0.000000000000000000e+00,4.314178393374120540e-02,6.008579395711421967e-03,4.611316347920484077e+03,3.486869856715202332e-02,5.014054615181677946e+03,1.236093156144425666e+04,2.950657200936147905e-04,2.866676907368614469e+00,7.392418980598449707e-01,8.457374830852503259e-03
0.000000000000000000e+00,0.000000000000000000e+00,3.859635157993704380e-02,5.659644491970539093e-03,4.808925305868438954e+03,3.513860702514648438e-02,5.272922804962651753e+03,1.312646681439181702e+04,2.513127727044212360e-04,2.976518056043302440e+00,4.945861995220184326e-01,7.071551586030119102e-03
0.000000000000000000e+00,0.000000000000000000e+00,5.230062539482925599e-02,1.647691987454891205e-02,4.629803360259072178e+03,3.281238675117492676e-02,5.003630551522711357e+03,1.243681160348360572e+04,1.480830446141278688e-03,2.916707119436195761e+00,6.362680792808532715e-01,8.013994724501758912e-03
0.000000000000000000e+00,0.000000000000000000e+00,4.514940296481378956e-02,1.361018326133489609e-02,3.957123727181211507e+03,2.623160928487777710e-02,4.618546148860210451e+03,1.080805297851562500e+04,9.040859175024898919e-04,2.902622613789681782e+00,8.193421959877014160e-01,8.629418262150221480e-03
0.000000000000000000e+00,0.000000000000000000e+00,4.606469777151482592e-02,1.443329919129610062e-02,4.754538560347553357e+03,2.815895527601242065e-02,5.224297085837206396e+03,1.302910209760273938e+04,7.678178282891910981e-04,2.975364210490357042e+00,6.484591364860534668e-01,8.390939213893966811e-03
0.000000000000000000e+00,0.000000000000000000e+00,9.934806928239987844e-02,1.172258984297513962e-02,5.884845123074766889e+03,6.815779209136962891e-02,5.359835974222292862e+03,1.423791509865744592e+04,3.599602939338517483e-04,3.048104988577527763e+00,3.226511180400848389e-01,9.224857491856678152e-03
0.000000000000000000e+00,0.000000000000000000e+00,6.957198423575579327e-02,3.400819376111030579e-03,4.991643888495013016e+03,5.363199859857559204e-02,4.669741850780513232e+03,1.223898511202830196e+04,8.412567517202440733e-04,2.635170050844965139e+00,5.223393812775611877e-02,6.711769759450171829e-04
0.000000000000000000e+00,0.000000000000000000e+00,5.250177305866264577e-02,2.711003646254539490e-03,4.510217679928937287e+03,1.783871650695800781e-02,4.914385500353547286e+03,1.233802825203042630e+04,6.233724016232228997e-05,2.743504542191760098e+00,4.446924924850463867e-01,7.090552805280528857e-03
0.000000000000000000e+00,0.000000000000000000e+00,5.323020432612388109e-02,7.365163881331682205e-03,5.041764076570932957e+03,4.532876238226890564e-02,5.140954607677301283e+03,1.314927645596590992e+04,4.374534245569349378e-04,2.904044984091822545e+00,4.059505462646484375e-01,7.623722118959107633e-03
0.000000000000000000e+00,0.000000000000000000e+00,8.306872760089538399e-02,6.579585373401641846e-03,3.609797587601782197e+03,3.607104718685150146e-02,3.370809387735274868e+03,8.762281115301724640e+03,3.578063982786650488e-04,2.482810190469218359e+00,7.766489982604980469e-01,7.512019230769230969e-03
0.000000000000000000e+00,0.000000000000000000e+00,7.734201095256670877e-02,5.881315562874078751e-03,5.007730850425581593e+03,5.249595269560813904e-02,4.641303776756101797e+03,1.227647505214892954e+04,1.627745201995071651e-04,2.749436902108822522e+00,6.659270524978637695e-01,8.384627525252524166e-03
0.000000000000000000e+00,0.000000000000000000e+00,8.729134936991292393e-02,1.850236440077424049e-03,2.550733731918280228e+03,2.954218722879886627e-02,2.302447143580503507e+03,5.984052334246958708e+03,7.014968209746659826e-05,1.217911454980981301e+00,6.510208249092102051e-01,5.008012820512820068e-03
0.000000000000000000e+00,0.000000000000000000e+00,2.132614902795414158e-02,1.474508177489042282e-02,3.022880254469577721e+03,4.110607784241437912e-03,4.463308047369614542e+03,9.901891258998690319e+03,2.374527636614934354e-03,2.761037980738479281e+00,3.714532852172851562e-01,4.101049868766404143e-03
0.000000000000000000e+00,0.000000000000000000e+00,1.637811526387449729e-02,1.151145901530981064e-02,2.660749565196076219e+03,2.694755326956510544e-03,4.391946388956609553e+03,9.336732596781715984e+03,1.900246731028169822e-03,2.845970694930885614e+00,2.540124058723449707e-01,2.929687500000000000e-03
0.000000000000000000e+00,0.000000000000000000e+00,1.230957182324713024e-02,4.244464263319969177e-02,8.588402000778066849e+02,4.397314507514238358e-03,2.036011036659103866e+03,2.170719140624999909e+03,4.938095909852237807e-03,3.052223134235996227e+00,3.558042645454406738e-01,4.706325301204819685e-03
0.000000000000000000e+00,0.000000000000000000e+00,1.931364485976679035e-02,1.186240464448928833e-02,2.839400272539760408e+03,2.916518365964293480e-03,4.341178342543421422e+03,9.140150107106854193e+03,9.083148656774339431e-04,2.790386075291038104e+00,4.024603366851806641e-01,5.181300461361015158e-03
0.000000000000000000e+00,0.000000000000000000e+00,2.113819904686472378e-02,2.743660472333431244e-02,1.942993940216341798e+03,1.723680412396788597e-03,3.345897077887564137e+03,5.619312813237028422e+03,5.117155579447465671e-03,2.841227347180412810e+00,5.827425718307495117e-01,5.168950850661625622e-03
0.000000000000000000e+00,0.000000000000000000e+00,2.075160495424467275e-02,1.392185874283313751e-02,3.299637673897739660e+03,4.693893250077962875e-03,4.607847957896498883e+03,1.042367966998318298e+04,1.220433824586777917e-03,2.764963699303167211e+00,2.796138525009155273e-01,3.800991766467066123e-03
0.000000000000000000e+00,0.000000000000000000e+00,7.831447475500508126e-02,7.431261241436004639e-03,4.812515205868529847e+03,3.309673443436622620e-02,5.320483059998367935e+03,1.315150084663358393e+04,2.649758354055477749e-04,2.909419052314407672e+00,3.243850171566009521e-01,7.886329467353951628e-03
0.000000000000000000e+00,0.000000000000000000e+00,3.860502297883368350e-02,1.542818546295166016e-02,3.757317161686600230e+03,9.487930685281753540e-03,4.852676188118491154e+03,1.139365597647702452e+04,8.376763506028561896e-04,2.700452223730804846e+00,6.670918464660644531e-01,1.070792214912280604e-02
0.000000000000000000e+00,0.000000000000000000e+00,7.852367372708393689e-02,8.360460400581359863e-03,3.902771115721891874e+03,1.622866652905941010e-02,4.339397047229813325e+03,1.086050105168269147e+04,5.247939929937651916e-04,2.775971003678120219e+00,5.318176746368408203e-01,6.688784246575342311e-03
0.000000000000000000e+00,0.000000000000000000e+00,5.072267903473605399e-02,3.477008081972599030e-03,4.608947930923601234e+03,1.072331611067056656e-02,5.485673848081356482e+03,1.365053524789222865e+04,4.007149265008600131e-04,2.662237829053635263e+00,2.579823136329650879e-01,3.446691176470588133e-03
0.000000000000000000e+00,0.000000000000000000e+00,4.193710768524197552e-02,1.107386779040098190e-02,3.373813170284661282e+03,8.249064907431602478e-03,4.301253264178950303e+03,1.023387908935546875e+04,5.349766961126830624e-04,2.838995760275072389e+00,6.214792132377624512e-01,1.019021739130434798e-02
0.000000000000000000e+00,0.000000000000000000e+00,4.021690838437955162e-02,4.303065128624439240e-03,4.186971538324847643e+03,8.765086531639099121e-03,5.262154234979603643e+03,1.303225066436221277e+04,1.939069644016614042e-04,2.746092513358910914e+00,2.343391776084899902e-01,4.832817832764505460e-03
0.000000000000000000e+00,0.000000000000000000e+00,7.044393113684599417e-02,6.225822493433952332e-03,4.941983983079304380e+03,4.195729643106460571e-02,4.727128867671160151e+03,1.229226237510195824e+04,3.096709291184908657e-04,2.777227179270585378e+00,8.635077476501464844e-01,1.116983251633986950e-02
0.000000000000000000e+00,0.000000000000000000e+00,4.972351594252723966e-02,3.662377130240201950e-03,4.970649677737472302e+03,3.843417391180992126e-02,5.055055973803725465e+03,1.277413721177184379e+04,2.735088690690916455e-04,2.892385095543547724e+00,6.440263986587524414e-01,7.913796596434359218e-03
0.000000000000000000e+00,0.000000000000000000e+00,4.239831507013588907e-02,3.299857722595334053e-03,5.280555793551168790e+03,4.574079811573028564e-02,5.376026355434140896e+03,1.387932633002277362e+04,1.768468248124493048e-04,2.928875330431751411e+00,3.990810215473175049e-01,5.086263020833333912e-03
0.000000000000000000e+00,0.000000000000000000e+00,4.407264954949222102e-02,7.187947165220975876e-03,4.088272433232400545e+03,2.764717862010002136e-02,4.421099825788298403e+03,1.092128268521190694e+04,4.347987317018485454e-04,2.802477578256001411e+00,7.721281647682189941e-01,8.256274768824307247e-03
4.655810892581939697e-01,1.238530278205871582e-01,5.967449510705864768e-02,1.019547209143638611e-01,4.875822495906832955e+03,3.561288863420486450e-02,3.824682910681000521e+03,1.019481811523437500e+04,1.502657449516993544e-02,3.167857301356762800e+00,2.494687885046005249e-01,7.102272727272727036e-03
0.000000000000000000e+00,0.000000000000000000e+00,1.026516091288545186e-03,2.145811304217204452e-04,4.753583947802386689e+00,9.986664056777954102e-01,7.131947193346677594e+00,1.627906822936822806e+01,2.338506664511768164e-05,3.304216498008533343e+00,0.000000000000000000e+00,0.000000000000000000e+00
0.000000000000000000e+00,0.000000000000000000e+00,3.114341518582533150e-02,1.318030059337615967e-01,5.220723570805533200e+03,8.888497948646545410e-02,5.780732495981205830e+03,1.535895102896341450e+04,1.945949337029880682e-02,3.111122618385342431e+00,3.293638229370117188e-01,9.765625000000000000e-03
6.284032762050628662e-02,3.474766388535499573e-02,1.197976864149347641e-02,5.811719968914985657e-02,1.812418168826467763e+03,8.935418911278247833e-03,2.795984218553727260e+03,5.510557154605263349e+03,1.018816366043385525e-02,2.823280021344593216e+00,8.677588701248168945e-01,7.398200757575757944e-03
2.403452806174755096e-02,2.152206562459468842e-02,3.502706895497306044e-02,1.375763565301895142e-01,6.673613853859764276e+03,3.441002964973449707e-02,3.640233355748894155e+03,1.137505571757277357e+04,1.949252163933126378e-02,3.227305085700114873e+00,3.264974355697631836e-01,1.219508465453121929e-02
2.633132338523864746e-01,6.709522008895874023e-02,5.430128415399299024e-02,4.262887686491012573e-02,4.936417882083682343e+03,1.458531059324741364e-02,5.930438763309074602e+03,1.441178512573242188e+04,8.565297561691250297e-03,3.064317152532138433e+00,9.328146278858184814e-02,3.490320178704393178e-03
0.000000000000000000e+00,0.000000000000000000e+00,4.052868685906058782e-02,5.802112445235252380e-02,4.064414324598988969e+03,3.480432555079460144e-02,4.303672262649117329e+03,1.075423510448042180e+04,1.234023454065847833e-02,2.970734826623096403e+00,5.674125552177429199e-01,7.087953629032258708e-03
0.000000000000000000e+00,0.000000000000000000e+00,0.000000000000000000e+00,0.000000000000000000e+00,0.000000000000000000e+00,1.000000953674316406e+00,0.000000000000000000e+00,0.000000000000000000e+00,0.000000000000000000e+00,0.000000000000000000e+00,0.000000000000000000e+00,0.000000000000000000e+00
0.000000000000000000e+00,0.000000000000000000e+00,0.000000000000000000e+00,0.000000000000000000e+00,0.000000000000000000e+00,1.000000953674316406e+00,0.000000000000000000e+00,0.000000000000000000e+00,0.000000000000000000e+00,0.000000000000000000e+00,0.000000000000000000e+00,0.000000000000000000e+00
0.000000000000000000e+00,0.000000000000000000e+00,0.000000000000000000e+00,0.000000000000000000e+00,0.000000000000000000e+00,1.000000953674316406e+00,0.000000000000000000e+00,0.000000000000000000e+00,0.000000000000000000e+00,0.000000000000000000e+00,0.000000000000000000e+00,0.000000000000000000e+00
0.000000000000000000e+00,0.000000000000000000e+00,0.000000000000000000e+00,0.000000000000000000e+00,0.000000000000000000e+00,1.000000953674316406e+00,0.000000000000000000e+00,0.000000000000000000e+00,0.000000000000000000e+00,0.000000000000000000e+00,0.000000000000000000e+00,0.000000000000000000e+00
1.160135194659233093e-01,9.209791570901870728e-02,6.728815486854094335e-03,3.175420761108398438e-01,1.903158467853728780e+03,7.729438692331314087e-02,3.331681513748371799e+03,6.592472956730769511e+03,1.507761995909509545e-01,2.701555191678987278e+00,1.436707824468612671e-01,0.000000000000000000e+00
1.605074619874358177e-03,1.327201698586577550e-05,3.583014226479344644e-02,6.837140768766403198e-02,2.810535397170574925e+03,2.273041196167469025e-02,3.293690667561658302e+03,7.171546672952586050e+03,8.739721682308012815e-03,3.149090294004102120e+00,2.231700867414474487e-01,4.542151162790697937e-03
0.000000000000000000e+00,0.000000000000000000e+00,2.657227600788362315e-02,5.310986936092376709e-02,3.984117021031047443e+03,2.724847570061683655e-02,3.580625203805687761e+03,8.542570866765203391e+03,6.720708697042794728e-03,2.594152094235283812e+00,1.305891871452331543e+00,1.461522108843537476e-02
0.000000000000000000e+00,0.000000000000000000e+00,2.727500026943137368e-02,3.938554972410202026e-02,4.289402417742776379e+03,3.613816946744918823e-02,4.520026101109880983e+03,1.097371811464608436e+04,3.886606788071917101e-03,2.795309844589802140e+00,1.108320236206054688e+00,1.338835685483870906e-02
0.000000000000000000e+00,0.000000000000000000e+00,3.404505544624800151e-02,4.918106645345687866e-02,4.853382202604817394e+03,4.144262894988059998e-02,4.041246922587189601e+03,1.025323751698369597e+04,7.396824538592649406e-03,2.879452698981486591e+00,9.248296022415161133e-01,1.140510948905109484e-02
0.000000000000000000e+00,0.000000000000000000e+00,3.890038042021781717e-02,3.504468128085136414e-02,3.340797924917298133e+03,1.705511473119258881e-02,3.170453551269314630e+03,7.343774594018734206e+03,3.865888367227335830e-03,2.674214268280196816e+00,1.380406498908996582e+00,1.250769704433497657e-02
0.000000000000000000e+00,0.000000000000000000e+00,2.927462954859065547e-02,3.791382536292076111e-02,5.034985406739684549e+03,5.512642115354537964e-02,4.653053999747588023e+03,1.204020584620786576e+04,3.478356221667827913e-03,2.900228836642800179e+00,9.316293001174926758e-01,1.109730113636363605e-02
0.000000000000000000e+00,0.000000000000000000e+00,2.744494606926995567e-02,6.547980755567550659e-02,5.309173706750896599e+03,7.154802232980728149e-02,5.531070928157062554e+03,1.451056410845588289e+04,7.971625401994553509e-03,2.978869399917551508e+00,6.126977801322937012e-01,1.284950657894736760e-02
0.000000000000000000e+00,0.000000000000000000e+00,2.575341138241503056e-02,3.427375480532646179e-02,3.782116232379805751e+03,2.106516622006893158e-02,3.666391066573723037e+03,8.634284279563209566e+03,4.627169741755064042e-03,2.598812193610141374e+00,1.370265245437622070e+00,1.074774667931688819e-02
1.916874796152114868e-01,1.875100582838058472e-01,0.000000000000000000e+00,8.402336835861206055e-01,3.450777588395847488e+03,1.271045021712779999e-02,6.378129483236186388e+03,1.594267693014705947e+04,2.672997529796134267e-02,3.098046627383738816e+00,1.224870085716247559e-01,1.162574404761904621e-02
0.000000000000000000e+00,0.000000000000000000e+00,2.080122818905765780e-01,7.694471627473831177e-02,6.637005619673048386e+03,1.126563176512718201e-01,3.121402649817747715e+03,9.970424156302160554e+03,1.015870343210316905e-02,3.214959519009224831e+00,3.421329259872436523e-01,9.421382189239331517e-03
1.028613299131393433e-01,5.681293830275535583e-02,5.999878584816416283e-02,7.220219075679779053e-02,6.607009932487302649e+03,9.345946833491325378e-03,5.621231719505613000e+03,1.330650790425755076e+04,2.204594856762912350e-02,3.115246279870239388e+00,6.304217875003814697e-02,1.894822761194029682e-03
0.000000000000000000e+00,0.000000000000000000e+00,1.881615419172609147e-02,1.366265416145324707e-01,2.538212133264319618e+03,5.728514399379491806e-03,2.954394470910858672e+03,6.662849157898869635e+03,3.180938377926186000e-02,2.947812046031855981e+00,7.509874701499938965e-01,1.183712121212121202e-02
0.000000000000000000e+00,0.000000000000000000e+00,2.913779879714211221e-02,6.765828281641006470e-02,2.957303742862475701e+03,2.473362535238265991e-02,3.133902204645763049e+03,7.184651100852272975e+03,1.063321436552600203e-02,3.047844502126559885e+00,5.664922595024108887e-01,1.085069444444444406e-02
0.000000000000000000e+00,0.000000000000000000e+00,3.491152627471754560e-02,1.258043050765991211e-01,2.427229093823748372e+03,3.790461458265781403e-03,2.855136160797254888e+03,6.424674592985139498e+03,3.680081670281043493e-02,2.936372871854989519e+00,8.523132801055908203e-01,1.095210280373831724e-02
5.438302755355834961e-01,3.707141801714897156e-02,6.607893847306549676e-03,1.583296358585357666e-01,1.424162442452845426e+03,4.336089477874338627e-04,2.608453756358928786e+03,3.985071736149743629e+03,2.559134603471551611e-02,3.095882847851966879e+00,2.522028982639312744e-01,9.863945578231291672e-03
6.586364507675170898e-01,1.583499610424041748e-01,1.584586422455650651e-02,6.101738288998603821e-02,1.968803320993589296e+03,1.623868942260742188e-03,3.289019303658502849e+03,5.738490300134239988e+03,4.247888998428147461e-03,3.134840853408902728e+00,2.954457402229309082e-01,1.016628873771730814e-02
6.854470372200012207e-01,1.856715679168701172e-01,1.585334947625903143e-02,1.104415580630302429e-01,5.460380765458451606e+03,3.293871879577636719e-03,2.706716246227418196e+03,7.755278104894301578e+03,1.293399743697136797e-02,3.109772682952034906e+00,2.722772061824798584e-01,1.137566137566137572e-02
5.247227549552917480e-01,5.385088175535202026e-02,5.163119011930834834e-02,2.454379200935363770e-02,3.724867372376502772e+03,2.149207703769207001e-02,4.312657677870427506e+03,1.002839769298447209e+04,1.351378715689286348e-03,3.116023631855859399e+00,4.261726737022399902e-01,1.061980347694633370e-02
6.690624952316284180e-01,3.265722095966339111e-02,1.895044517719068553e-02,7.877968996763229370e-02,3.734177324610497180e+03,1.376041304320096970e-02,4.552851496080414108e+03,1.051985722119594175e+04,6.310013747668303738e-03,3.175543475111979319e+00,1.837159097194671631e-01,7.860922146636431518e-03
4.512088000774383545e-01,4.751516133546829224e-02,1.137895117343363377e-02,1.109333783388137817e-01,1.744560792968583200e+03,1.128397998400032520e-03,2.682654780678258703e+03,4.480506240325077670e+03,1.239147108019336176e-02,3.194747582724958512e+00,2.161617279052734375e-01,8.843537414965987192e-03
4.225850403308868408e-01,1.055354401469230652e-01,2.018866341987684415e-02,5.243630334734916687e-02,2.357789536212888834e+03,2.403844147920608521e-03,3.571832610020114316e+03,5.458000329552050971e+03,2.835785293639363647e-03,3.124597137740955599e+00,2.340869754552841187e-01,9.674981103552532033e-03
6.070373654365539551e-01,9.567381441593170166e-02,2.406363758883110424e-02,2.579915709793567657e-02,3.464057625555411050e+03,1.290420256555080414e-02,3.849431272165999872e+03,7.992726669075319478e+03,1.804317739335457816e-03,3.210710292240015473e+00,2.101594507694244385e-01,9.108087679516249646e-03
7.772667407989501953e-01,5.722293257713317871e-02,7.378299669827391091e-03,6.633356213569641113e-02,2.785241556372150171e+03,2.356599550694227219e-03,2.535323063492911388e+03,5.816106497466379551e+03,4.538959685869755484e-03,3.150094192889413502e+00,4.880513846874237061e-01,1.368102796674225408e-02
4.306573271751403809e-01,2.617117464542388916e-01,7.315218296491225736e-03,6.661559641361236572e-02,1.084076965838721208e+03,1.913369924295693636e-04,1.941702898137255488e+03,2.368652343750000000e+03,5.285932345838230580e-03,3.120089474948624098e+00,2.479192763566970825e-01,9.070294784580499106e-03
7.484816312789916992e-01,4.977749660611152649e-02,1.647606415181478504e-02,9.412509948015213013e-02,2.406162981439574196e+03,8.547363104298710823e-04,2.746846631965474444e+03,6.039646812415344357e+03,1.100273435700136436e-02,3.228841605556810990e+00,1.949388086795806885e-01,7.860922146636431518e-03
2.517287731170654297e-01,5.097510293126106262e-02,8.160911862474404255e-03,2.129912227392196655e-01,1.271426170099882029e+03,2.678990713320672512e-04,3.153168156464808817e+03,2.717241902543295055e+03,4.666991297091260121e-02,2.979219363413413646e+00,2.320096939802169800e-01,9.334845049130763295e-03
6.800255775451660156e-01,4.084891825914382935e-02,1.878503552272399804e-02,7.941961288452148438e-02,2.192287928936367734e+03,1.452476833947002888e-03,2.841421272837565084e+03,5.936143271620429005e+03,7.125938488867018111e-03,3.181671047731306157e+00,3.200315535068511963e-01,1.103552532123960699e-02
7.878351807594299316e-01,3.579914569854736328e-02,5.652459565299552957e-02,1.242822557687759399e-01,4.672482915317955303e+03,2.623190544545650482e-02,4.507261840416575978e+03,1.107852986099284681e+04,1.898593952091515158e-02,3.221849891650995001e+00,1.786274909973144531e-01,8.345170454545454072e-03
9.674952626228332520e-01,9.780320525169372559e-02,5.144408277607628865e-02,2.100690267980098724e-02,4.486905356614296579e+03,2.931172028183937073e-02,4.849996982462288543e+03,1.210676429205265595e+04,2.746808359858582058e-03,3.116451892221787645e+00,1.324712932109832764e-01,2.910052910052910412e-03
6.658260822296142578e-01,1.252960413694381714e-01,3.283583162677842365e-02,5.637582391500473022e-02,3.401522329631059620e+03,5.126516334712505341e-03,3.190750324059863942e+03,6.870250123204092233e+03,7.378433792973568967e-03,3.173878684898773894e+00,2.535596489906311035e-01,8.767951625094482643e-03
7.174028754234313965e-01,5.336100980639457703e-02,2.015697464799610580e-02,9.275034815073013306e-02,2.113706406257631443e+03,4.425263032317161560e-04,2.087062521851629299e+03,4.482322896006675364e+03,1.102637261628347000e-02,3.199119913821755201e+00,2.630380392074584961e-01,1.024187452758881268e-02
6.552217602729797363e-01,3.900253027677536011e-02,8.521453539201823829e-03,6.147624552249908447e-02,2.152028896953856020e+03,1.671426813118159771e-03,2.675883167483912530e+03,5.287280528537998180e+03,3.895979931274978943e-03,3.231574100139140704e+00,1.943585127592086792e-01,8.692365835222978093e-03
7.951305508613586426e-01,1.004294604063034058e-01,3.316233118063212360e-02,4.412486404180526733e-02,3.279854101760730828e+03,1.127153169363737106e-02,4.105669317556924398e+03,9.290977152065595874e+03,3.402074999701985847e-03,3.171779966412860308e+00,2.407834529876708984e-01,9.108087679516249646e-03
9.436938762664794922e-01,1.819559186697006226e-01,1.936777933414372127e-02,8.672142773866653442e-02,2.434843575422446520e+03,3.205342916771769524e-03,3.171815890287545699e+03,6.373461460550503034e+03,1.087189753487732141e-02,3.189235875664559572e+00,1.946065574884414673e-01,8.541194255479968994e-03
3.540733158588409424e-01,1.410294920206069946e-01,1.753227859142659703e-02,9.106798470020294189e-02,1.610464349597168166e+03,4.804566269740462303e-04,2.524881367301590672e+03,4.238236871961469660e+03,1.036365874505666522e-02,3.119756848209483735e+00,2.113181650638580322e-01,9.032501889644746831e-03
4.019687771797180176e-01,2.937218360602855682e-02,1.858154478621890440e-02,4.458194598555564880e-02,2.800875124061452880e+03,6.139394361525774002e-03,4.036939878065029461e+03,8.363474427214347088e+03,5.041491640580466650e-03,3.101693396776143086e+00,3.694734573364257812e-01,1.035525321239606951e-02
9.761053323745727539e-01,3.152030333876609802e-02,1.389304983320869061e-02,5.987166613340377808e-02,1.930308077929214960e+03,1.220717211253941059e-03,2.879494003462250021e+03,4.328519659367138956e+03,5.130282092837609893e-03,3.176393213774372004e+00,2.197185605764389038e-01,7.860922146636431518e-03
7.210822701454162598e-01,4.340824857354164124e-02,5.991185752186681951e-02,2.836284693330526352e-03,6.233885949513682135e+03,5.364054441452026367e-02,5.164067322435604183e+03,1.383877048551482767e+04,9.315544899072633763e-05,3.002358272085602131e+00,4.981527030467987061e-01,1.182917611489040129e-02
4.658835530281066895e-01,5.222215503454208374e-02,7.491821930934696588e-03,6.699629127979278564e-02,1.700167217482584192e+03,4.664753505494445562e-04,2.228117900394744538e+03,4.018984031086735740e+03,5.672824272643983701e-03,3.180358824973585907e+00,2.207623124122619629e-01,8.692365835222978093e-03
4.364655613899230957e-01,5.205360800027847290e-02,5.517532132591197735e-02,8.217514306306838989e-02,3.180781767659116213e+03,5.066848825663328171e-03,3.897903733606531659e+03,9.144194706305630461e+03,9.269747558011102659e-03,3.174375588844891016e+00,3.079373836517333984e-01,1.099773242630385471e-02
4.337599575519561768e-01,1.479887068271636963e-01,4.089592391876715506e-03,2.084794193506240845e-01,1.140100359817294930e+03,2.121608849847689271e-04,2.558149316019666003e+03,2.713096094279097542e+03,4.530692063222272609e-02,2.999999362737194364e+00,1.793575882911682129e-01,7.596371882086168197e-03
4.439851641654968262e-01,2.696577459573745728e-02,7.478009165331938983e-03,9.370902925729751587e-02,1.656371594199471701e+03,9.383393335156142712e-04,2.690021027047719144e+03,4.154858209474167779e+03,8.826247453179903932e-03,3.172513298849623187e+00,2.554713785648345947e-01,1.001511715797430077e-02
3.533911705017089844e-01,5.834659561514854431e-02,1.193514315277012863e-02,1.570613086223602295e-01,1.815915655234796077e+03,1.109415316022932529e-03,3.096103135691077114e+03,5.136110609308484527e+03,2.460362022728750098e-02,3.089055436069214178e+00,2.437048107385635376e-01,9.486016628873770659e-03
5.289700031280517578e-01,9.099170565605163574e-02,2.103922030418693689e-02,1.713852584362030029e-01,7.178629965290222572e+03,4.272694140672683716e-02,6.321627883763661885e+03,1.644536722378095874e+04,1.272465754097449990e-02,3.263412829575554674e+00,1.686097979545593262e-01,7.520786092214664514e-03
7.462970614433288574e-01,7.014325819909572601e-03,9.525203560929581745e-03,1.229296550154685974e-01,2.068078629265937252e+03,1.329862512648105621e-03,2.791236783133792869e+03,5.324751135291699029e+03,1.563110305356351856e-02,3.192535317786985072e+00,2.139146178960800171e-01,8.201058201058200256e-03
4.020599722862243652e-01,5.783034488558769226e-03,2.170319042353449981e-02,8.961422741413116455e-02,4.655493805526712094e+03,7.728206925094127655e-03,2.938223059012628255e+03,8.356603635427753034e+03,1.176824111038761271e-02,3.169856065989741456e+00,3.679661154747009277e-01,1.111111111111111154e-02
4.050230383872985840e-01,1.341397613286972046e-01,2.020117648931275128e-02,2.426832169294357300e-02,3.462076869254941357e+03,8.259775117039680481e-03,4.379274087528671771e+03,9.707174635376353763e+03,1.019215578379892339e-03,3.083955452182717938e+00,2.023339718580245972e-01,7.860922146636431518e-03
5.847437977790832520e-01,3.575371345505118370e-03,1.337716631022993832e-02,7.729861885309219360e-02,1.883732225729183938e+03,5.326279788278043270e-04,2.756595917374569581e+03,5.693082241377224818e+03,3.319236628185329857e-03,3.213713087542729330e+00,2.003972232341766357e-01,8.314436885865457080e-03
3.990704715251922607e-01,1.149084791541099548e-02,1.237435102257933468e-02,1.091627255082130432e-01,4.295459566727055062e+03,1.024302467703819275e-02,4.973220585178320107e+03,1.180183696923979369e+04,5.000854561645845173e-03,3.218300373897383437e+00,1.787387877702713013e-01,7.747543461829176428e-03
5.729296207427978516e-01,1.042170524597167969e-01,2.706616346350996724e-02,2.919689565896987915e-02,4.850753585899424252e+03,3.734156489372253418e-02,4.310599087173334738e+03,1.104229156210695692e+04,3.121744227026150998e-03,3.152424399046642289e+00,2.377791255712509155e-01,8.390022675736961630e-03
8.627951741218566895e-01,4.101299494504928589e-02,1.848326086242460878e-02,8.510998636484146118e-02,2.846942825645705852e+03,1.621131412684917450e-02,4.157077252028409930e+03,8.816003747888513317e+03,1.474126728313125689e-02,3.214509716129307915e+00,2.033496201038360596e-01,8.877840909090909879e-03
4.774887859821319580e-01,1.187195479869842529e-01,7.578786483435860470e-03,4.616704955697059631e-02,1.758094046359171443e+03,1.324332202784717083e-03,3.168891382344531849e+03,4.481802065822731493e+03,4.741034420929822989e-03,3.176720976999517276e+00,1.770934015512466431e-01,6.840513983371127038e-03
3.139028251171112061e-01,1.636473983526229858e-01,1.116791366045057771e-02,5.641232803463935852e-02,1.640401869663500747e+03,8.347154362127184868e-04,3.119449502119178305e+03,4.464464670659587682e+03,3.496657525412642884e-03,3.005674790718004807e+00,2.441660910844802856e-01,9.977324263038548496e-03
5.052005052566528320e-01,7.048404216766357422e-02,2.510081802011639857e-02,5.345347523689270020e-02,2.754848052065629417e+03,6.526687182486057281e-03,3.959414269627447538e+03,8.055922120274404733e+03,3.116802016780968656e-03,3.127144565340724380e+00,2.225164175033569336e-01,8.805744520030233183e-03
7.434887290000915527e-01,2.511645108461380005e-02,1.277956208201604799e-02,7.770221680402755737e-02,1.634922578127292127e+03,5.721724010072648525e-04,2.163557129885143695e+03,3.883880681371541414e+03,7.962169866569652685e-03,2.948684044058801579e+00,6.308069229125976562e-01,1.356764928193499725e-02
8.826968669891357422e-01,2.028981968760490417e-02,1.879151631352458940e-02,1.979706250131130219e-02,2.241405545922808415e+03,3.378106979653239250e-03,3.512101198789725458e+03,6.314653482820965110e+03,1.237824944795746411e-03,3.068498217171868436e+00,3.432690501213073730e-01,8.994708994708994557e-03
1.029904484748840332e+00,8.498636633157730103e-02,1.234544397452686827e-02,2.158447913825511932e-02,2.393568474514141144e+03,3.631541505455970764e-03,3.672654145498914204e+03,6.106646407277960861e+03,1.220113446464941073e-03,3.151680062106982927e+00,1.837043613195419312e-01,7.331821617535903141e-03
8.573629260063171387e-01,1.553821712732315063e-01,1.220366518186452934e-02,1.767968386411666870e-01,7.417761375152698747e+03,1.602273434400558472e-02,3.776245609238073484e+03,1.375742514406564442e+04,3.206032266110576956e-02,3.260637522466223182e+00,2.139783501625061035e-01,9.561602418745275209e-03
7.197872996330261230e-01,6.564185023307800293e-02,1.385383171234561700e-02,7.936520129442214966e-02,2.719557260249200226e+03,4.769969265908002853e-03,3.937717029115670812e+03,8.306374772488148665e+03,7.037344244587146608e-03,3.129430438222073008e+00,2.232563495635986328e-01,9.221466364323508205e-03
8.838624954223632812e-01,1.431065332144498825e-02,3.236499864130579218e-02,2.296006120741367340e-02,2.622090469731100711e+03,4.734255839139223099e-03,3.342453470242939147e+03,6.718588540280935376e+03,9.527976177172332861e-04,3.197419183310954871e+00,2.298717647790908813e-01,8.805744520030233183e-03
6.413125991821289062e-01,2.025390714406967163e-01,3.041654848926349242e-02,8.167412132024765015e-02,2.531989203537557842e+03,1.380005152896046638e-03,2.371160486089833284e+03,4.903741181081293689e+03,8.532171966711302874e-03,3.223453587456040381e+00,1.925036609172821045e-01,8.012093726379440617e-03
6.958472728729248047e-01,8.496720343828201294e-03,3.427356713976381641e-02,6.814337521791458130e-02,4.454509617969432838e+03,1.301595382392406464e-02,4.388146819873283675e+03,1.079412639606109769e+04,6.856414827635435791e-03,3.155204827886652907e+00,2.300215214490890503e-01,9.826152683295541132e-03
7.583451867103576660e-01,1.803324520587921143e-01,3.988311907347927981e-02,3.820163011550903320e-02,5.287119773362792330e+03,2.099636010825634003e-02,3.629271167587442051e+03,8.968512435298955097e+03,1.837352611585605072e-03,3.175785662335103066e+00,2.888514995574951172e-01,9.750566893424036582e-03
5.458299517631530762e-01,1.205722689628601074e-01,2.009341809749799757e-02,2.420373447239398956e-02,5.446860880103045929e+03,5.963602289557456970e-02,5.247561639675634069e+03,1.403707761971205036e+04,8.526039180102726800e-04,3.216869318701512270e+00,2.466090470552444458e-01,9.221466364323508205e-03
4.629209637641906738e-01,1.650617718696594238e-01,1.686044505616707267e-02,1.422057896852493286e-01,3.057564266023699474e+03,5.639146547764539719e-03,4.015019803590338142e+03,9.495634247865469661e+03,2.256620559239909396e-02,3.157606787766084722e+00,1.944313198328018188e-01,8.390022675736961630e-03
5.882209539413452148e-01,3.110098186880350113e-03,7.403227136206056054e-03,8.426850289106369019e-02,1.581804149466188846e+03,7.139998488128185272e-04,2.607682582226370869e+03,4.304423971737131978e+03,8.854017383628906904e-03,3.092806422674712064e+00,4.319419264793395996e-01,1.160241874527588764e-02
1.033491492271423340e+00,2.592952251434326172e-01,7.730707785860117809e-02,2.569684572517871857e-02,5.780249601351659294e+03,4.829528555274009705e-02,5.000751609887677660e+03,1.292631348633650305e+04,2.321923585554176370e-03,3.134681470282854487e+00,4.327199459075927734e-01,9.441593964530892516e-03
7.178896665573120117e-01,9.187789633870124817e-03,1.130955027977890472e-02,1.105618700385093689e-01,1.956354284936844806e+03,3.082602343056350946e-04,2.608275626779293816e+03,5.397225697047939320e+03,1.327849564824421132e-02,3.187070047267026141e+00,2.250570952892303467e-01,9.070294784580499106e-03
7.417092323303222656e-01,6.415437906980514526e-03,2.425325647464185094e-02,1.049346104264259338e-01,3.439796097314697363e+03,1.245046150870621204e-03,2.031871044916121718e+03,5.473512735750652610e+03,1.376446816472154042e-02,3.118465004124339579e+00,2.715771198272705078e-01,1.061980347694633370e-02
2.284772843122482300e-01,7.118393667042255402e-03,1.492697618734857394e-02,9.003731608390808105e-02,1.209243438732727327e+03,1.781746832421049476e-04,2.655744630310831781e+03,3.407641894455664442e+03,1.167295000948985993e-02,2.956443001483436195e+00,5.125809833407402039e-02,3.212396069538926442e-03
6.763192415237426758e-01,4.511635005474090576e-02,1.573619371463241302e-03,1.717647761106491089e-01,4.556658148995574606e+02,1.813507992665108759e-06,1.005899077195559016e+03,5.741256950071352776e+02,3.132658398924103443e-02,2.992423813355592710e+00,0.000000000000000000e+00,0.000000000000000000e+00
6.693113446235656738e-01,1.114389002323150635e-01,1.418005445770328943e-01,7.164555042982101440e-02,3.794010307658731108e+03,5.717329215258359909e-03,5.147077025844903801e+03,1.343671041671705643e+04,5.691486743516460146e-03,3.218001032886706803e+00,3.800009191036224365e-01,9.032501889644746831e-03
4.318338632583618164e-01,7.180360704660415649e-02,1.359880323352954078e-02,7.457073032855987549e-02,2.198177881732820424e+03,1.458900747820734978e-03,2.775766546271822335e+03,5.712515457200561286e+03,7.528238778504803622e-03,3.177684060271237954e+00,2.206467241048812866e-01,9.448223733938020119e-03
5.685592889785766602e-01,6.237575784325599670e-02,1.126588771539169427e-02,4.643718525767326355e-02,2.496840052187287256e+03,2.927686087787151337e-03,3.659424915769951895e+03,7.945951951915634709e+03,2.242176722813322889e-03,3.126530469261332712e+00,3.376843631267547607e-01,1.148904006046863255e-02
5.680884122848510742e-01,1.189927011728286743e-01,2.049786306156496304e-02,9.154282510280609131e-02,3.352562102566059366e+03,6.735702976584434509e-03,4.853631943695532755e+03,1.144413496554820449e+04,9.414812200825050867e-03,3.106740182727592003e+00,2.262448519468307495e-01,8.767951625094482643e-03
8.866077661514282227e-01,4.365225508809089661e-02,2.099772811389849850e-02,7.917463034391403198e-02,2.694123305399109540e+03,4.201577976346015930e-03,3.181188700102853545e+03,6.734217612440741505e+03,6.795097103151590510e-03,3.219195591133420908e+00,2.594004869461059570e-01,9.901738473167045682e-03
5.779986381530761719e-01,1.515061012469232082e-04,3.864934339914867512e-02,5.070905387401580811e-02,4.038589005997836921e+03,1.831062138080596924e-02,4.676926334491827220e+03,1.145641822460635194e+04,3.842146763614902056e-03,3.124448666341850256e+00,3.250370621681213379e-01,9.788359788359787123e-03
4.734181463718414307e-01,2.098639868199825287e-02,6.514671791873648775e-03,1.279340237379074097e-01,1.341909966562882801e+03,4.749637737404555082e-04,2.475381354688534429e+03,2.798953908441974818e+03,1.700945351980000589e-02,3.179771952888840403e+00,2.825691401958465576e-01,1.092214663643235016e-02
1.029019474983215332e+00,1.600131690502166748e-01,1.745630312123198219e-02,6.295782327651977539e-02,2.019259590205727818e+03,2.198793459683656693e-03,3.028903112535620039e+03,5.320992824684355583e+03,5.982711098852865061e-03,3.127479995269801361e+00,2.975194454193115234e-01,9.788359788359787123e-03
5.550986528396606445e-01,1.233978942036628723e-02,2.068190239717708490e-02,5.279954522848129272e-02,2.081858758360306638e+03,2.801427617669105530e-03,3.454685191560006842e+03,6.270045419226489685e+03,4.122624943944012445e-03,3.090500341582724797e+00,2.926174104213714600e-01,1.005291005291005305e-02
7.332279086112976074e-01,1.547113955020904541e-01,6.532048445616127352e-02,5.315659567713737488e-02,6.095479102634230912e+03,4.366274178028106689e-02,4.608596558061679389e+03,1.263206111565462925e+04,3.837109272227460632e-03,3.101949213377839687e+00,2.107442915439605713e-01,9.637188208616779758e-03
4.339874088764190674e-01,1.694429367780685425e-01,2.156172234500534218e-02,5.226581543684005737e-02,2.863346937457572949e+03,5.326923448592424393e-03,3.408616520925279474e+03,7.347284738641035801e+03,3.029521118494482752e-03,3.221716373620765239e+00,2.430828511714935303e-01,9.145880574452003656e-03
9.288509488105773926e-01,1.899070292711257935e-01,5.117770663131568365e-02,5.286493152379989624e-02,3.216166110848482276e+03,3.155519254505634308e-03,3.361035037571512930e+03,7.370359599110512136e+03,5.702478267620473933e-03,3.180166445625583815e+00,5.570766329765319824e-01,1.141345427059712800e-02
4.412676990032196045e-01,9.646756201982498169e-02,6.202327437309076638e-03,1.905538290739059448e-01,2.519990529529825380e+03,4.300686530768871307e-03,4.187202585790558260e+03,8.374445194208954490e+03,3.618151571032689195e-02,3.182875058082368813e+00,1.760737597942352295e-01,7.860922146636431518e-03
8.574339747428894043e-01,3.625404536724090576e-01,2.945523185936720773e-02,5.391348153352737427e-02,2.188619909770659888e+03,2.816798398271203041e-03,3.077277688715534168e+03,6.067025813524936893e+03,3.214346205286391055e-03,3.158302969545175642e+00,2.166695892810821533e-01,9.334845049130763295e-03
4.304905235767364502e-01,1.108835637569427490e-01,2.477532201360542474e-02,1.053447425365447998e-01,3.174081494999440565e+03,9.584763087332248688e-03,3.981369064192903352e+03,8.857654772306743325e+03,1.696310465158547276e-02,3.175496857592215338e+00,1.759228706359863281e-01,6.349206349206349201e-03
1.075728535652160645e+00,6.001561507582664490e-02,2.282915907557157842e-02,3.312318027019500732e-02,2.934748978388907290e+03,7.542068604379892349e-03,3.826011076420265908e+03,8.317128874126234223e+03,1.788303997086418190e-03,3.157977272772330757e+00,3.016223311424255371e-01,9.977324263038548496e-03
4.509890675544738770e-01,5.410209298133850098e-02,2.309112967655169504e-02,7.876938581466674805e-02,2.246044421780753510e+03,2.583207795396447182e-03,2.965299006721666046e+03,5.891543541308896238e+03,8.704278359621564487e-03,3.197818340271679993e+00,1.953214257955551147e-01,7.634164777021919604e-03
7.377388477325439453e-01,1.062816660851240158e-02,5.408385454669238646e-02,3.926133364439010620e-02,3.453964330383817014e+03,6.921583786606788635e-03,3.447082955659824165e+03,8.106967644942434163e+03,4.223570612514399719e-03,3.135620973433232983e+00,4.335778653621673584e-01,1.088435374149659962e-02
6.012547612190246582e-01,1.071919575333595276e-01,5.580116999790629001e-02,3.706777468323707581e-02,5.140877594373729153e+03,3.211357817053794861e-02,5.306550921643750371e+03,1.369517968712207403e+04,2.873757914565247540e-03,3.166173738564927120e+00,3.660073876380920410e-01,1.141345427059712800e-02
4.985563755035400391e-01,8.044085651636123657e-02,6.714697891017286369e-02,9.390891529619693756e-03,3.102393858304454625e+03,1.580448821187019348e-02,4.752528289082179072e+03,9.890961536181714109e+03,5.297895937999476000e-04,3.002997042792380444e+00,3.275504410266876221e-01,6.376945709946848020e-03
6.364755630493164062e-01,8.051094599068164825e-03,2.232923853770288000e-02,1.314671039581298828e-01,3.020244590540177796e+03,9.526618756353855133e-03,4.104659486573685172e+03,9.098249150798785195e+03,1.936887894514854533e-02,3.130165528056367386e+00,2.037082761526107788e-01,8.276643990929704806e-03
6.661270856857299805e-01,1.098183263093233109e-02,2.481434606181476266e-02,1.334595531225204468e-01,3.186200646536981822e+03,8.246782235801219940e-03,3.812353650630656375e+03,9.009491354171705098e+03,2.050935294390338753e-02,3.202024857544162550e+00,2.424594610929489136e-01,9.674981103552532033e-03
2.746597230434417725e-01,3.684527426958084106e-02,3.646871756650023767e-03,1.174379587173461914e-01,9.182134268743084249e+02,1.638107496546581388e-04,2.541302968613540997e+03,2.149624501514730127e+03,1.963678659364534798e-02,2.993078599811886065e+00,1.730571873486042023e-02,5.291005291005291362e-04
1.072049379348754883e+00,9.712471812963485718e-02,1.631218085880343713e-02,9.807389974594116211e-02,3.051620483448930372e+03,7.342109456658363342e-03,4.173608980601579788e+03,9.120014592169494790e+03,9.357963622695822381e-03,3.133394563046687065e+00,2.151726484298706055e-01,8.758408071748878185e-03
4.320025146007537842e-01,1.026274040341377258e-01,2.559115364777782980e-02,5.783248320221900940e-02,2.798055529077408210e+03,5.288422573357820511e-03,3.529634209115888552e+03,8.005839089786305522e+03,4.925031317166759723e-03,3.175239131633750489e+00,2.656681239604949951e-01,8.465608465608466179e-03
2.718363702297210693e-02,1.732076704502105713e-02,1.200681274199644558e-02,8.809787034988403320e-02,9.745402349918529126e+02,4.873779471381567419e-05,1.352551953482945692e+03,1.819897328663167627e+03,1.071272575448069253e-02,2.832453892704422049e+00,4.031073451042175293e-01,1.065759637188208597e-02
4.804480373859405518e-01,5.314463376998901367e-02,4.307438857431235973e-02,6.462913472205400467e-03,2.991392833062720456e+03,9.453855454921722412e-03,4.899239865815382473e+03,1.044934570312500000e+04,4.783769965896011826e-04,2.964369922445223793e+00,3.025748729705810547e-01,4.525312789620018761e-03
7.701497077941894531e-01,8.241081237792968750e-02,3.082629933675812978e-02,8.715666830539703369e-02,4.274163657705092191e+03,1.947093009948730469e-02,5.139548573046265119e+03,1.289866783685359405e+04,7.968733995207720466e-03,3.161811523218816866e+00,2.999420762062072754e-01,1.054421768707482915e-02
3.805679380893707275e-01,3.851945325732231140e-02,6.114432571499987118e-02,2.072363533079624176e-02,2.036523173195191021e+03,2.179015427827835083e-03,3.445743192578730941e+03,5.953885217101130365e+03,5.312646195556086810e-04,3.172025399871383655e+00,1.398532241582870483e-01,5.183202653799758725e-03
2.611084282398223877e-01,6.262033432722091675e-02,9.047833350455001741e-03,6.821232289075851440e-02,1.948191686599787772e+03,1.546789077110588551e-03,3.720734364444182120e+03,5.672836530466935983e+03,5.820212612144115734e-03,3.027130818340989737e+00,3.319070637226104736e-01,1.073318216175359052e-02
1.020599484443664551e+00,9.179676324129104614e-02,9.839112541864258876e-03,1.156112402677536011e-01,4.139497096948535727e+03,1.960101909935474396e-02,4.376317248168749757e+03,1.107723301748742233e+04,1.399341218790092073e-02,3.213183412184326126e+00,2.962286770343780518e-01,1.148904006046863255e-02
4.461916387081146240e-01,1.001743078231811523e-01,1.993703384709700349e-02,6.891093403100967407e-02,2.038612910008756899e+03,1.190530485473573208e-03,2.769608638299992435e+03,5.096919179627031554e+03,5.404965902734530647e-03,3.187474553886918471e+00,2.096815854310989380e-01,8.427815570672712170e-03
0.000000000000000000e+00,0.000000000000000000e+00,1.495351893897620826e-02,1.070005446672439575e-01,2.189017299474012816e+03,4.248570185154676437e-04,2.074956728525626204e+03,5.166960422763883798e+03,1.272180476624338447e-02,3.242252883895327287e+00,1.847529113292694092e-01,8.238851095993952531e-03
0.000000000000000000e+00,0.000000000000000000e+00,1.084370712843967660e-02,8.048399537801742554e-02,1.409533348719648529e+03,2.223984192823991179e-04,1.849616295955449914e+03,3.305630011307565837e+03,8.411818561860755564e-03,3.187364804491608083e+00,1.807891428470611572e-01,7.596371882086168197e-03
3.617133796215057373e-01,2.804451435804367065e-02,8.130722695724493590e-03,1.510144770145416260e-01,1.508369016171630847e+03,4.304825561121106148e-04,3.385774087698192488e+03,3.764756401699763046e+03,2.045923228341245750e-02,3.073705029334735439e+00,3.117467761039733887e-01,1.300075585789871487e-02
7.701412439346313477e-01,5.163903161883354187e-02,1.609119871813209299e-02,1.254260092973709106e-01,2.405174348300936344e+03,3.003241959959268570e-03,3.648679328149223693e+03,7.364572761717788126e+03,1.876234920038801282e-02,3.176823031951574006e+00,1.854496151208877563e-01,8.029834441161988468e-03
6.091251373291015625e-01,1.441951654851436615e-02,1.146881798127227965e-02,1.038007438182830811e-01,2.363421662261497659e+03,3.058308735489845276e-03,3.688091019152158879e+03,5.874756142819997876e+03,1.224365456139757911e-02,3.183858064736361015e+00,2.760900855064392090e-01,9.448223733938020119e-03
3.768996298313140869e-01,4.943875968456268311e-02,1.226963969004376404e-02,1.902883946895599365e-01,2.476756283727496793e+03,9.219389758072793484e-04,5.337940066102949459e+03,1.118458653500205583e+04,3.798241448013601335e-02,2.968494934160940790e+00,2.130514532327651978e-01,9.334845049130763295e-03
2.642278373241424561e-01,8.905168622732162476e-02,1.033753842636534435e-02,1.342209875583648682e-01,2.530672913851450630e+03,1.694788341410458088e-03,4.018306323950604110e+03,8.167392279562935073e+03,3.229518092758916232e-03,3.143188195986783562e+00,3.240479230880737305e-01,1.073318216175359052e-02
4.221950769424438477e-01,7.208147644996643066e-02,4.893751526167220561e-02,1.202781051397323608e-01,3.008622121144974699e+03,1.130225695669651031e-02,4.014340966464942994e+03,8.902158669864429612e+03,1.494425549973743203e-02,3.146572472177771473e+00,2.320654243230819702e-01,9.561602418745275209e-03
7.612400054931640625e-01,2.942363731563091278e-03,3.872120182979459785e-02,2.425206266343593597e-02,3.627055697072934436e+03,5.602668505162000656e-03,3.881562707670652799e+03,9.295360458893672330e+03,5.624578705764127565e-04,3.199403387948525079e+00,2.245162427425384521e-01,8.087679516250945166e-03
5.207181572914123535e-01,4.606700316071510315e-02,7.532845668155655622e-03,4.123530909419059753e-02,1.455008077931259095e+03,6.670595612376928329e-04,2.915696097159154760e+03,3.458491586974530946e+03,3.087675424443976288e-03,3.099186007047319613e+00,3.394395112991333008e-01,9.448223733938020119e-03
8.010383248329162598e-01,3.372707217931747437e-02,3.864949504699057709e-02,1.133337542414665222e-01,3.594190131265960645e+03,1.491457596421241760e-02,4.102858720099047787e+03,9.944646586243105048e+03,1.638687346419626448e-02,3.159174455554207395e+00,3.288779854774475098e-01,1.097591570496738583e-02
8.134676814079284668e-01,1.719479635357856750e-02,9.629443048880784520e-03,1.361069828271865845e-01,1.926765112330006104e+03,6.739251548424363136e-04,2.617687150667286915e+03,5.290572175300527306e+03,1.960525425716376155e-02,3.177195614230695409e+00,2.342941015958786011e-01,9.599395313681027483e-03
7.934356331825256348e-01,1.118399202823638916e-01,3.777675433753481526e-02,5.094877257943153381e-02,4.278207482096621789e+03,2.351096831262111664e-02,4.810211057385316963e+03,1.231725468591270874e+04,3.462155935093623373e-03,3.196363623268754672e+00,2.905773222446441650e-01,1.035525321239606951e-02
5.597957372665405273e-01,1.224178895354270935e-01,2.174805029588717381e-02,6.688580662012100220e-02,2.528385626265067003e+03,1.510249800048768520e-03,3.578922291705782754e+03,7.660737009904702063e+03,1.969946143839379840e-03,3.188744819352947069e+00,2.050879448652267456e-01,7.785336356764927836e-03
2.371107339859008789e-01,4.003389552235603333e-02,4.437360642212710010e-02,3.871126472949981689e-02,1.831456975938408050e+03,3.541862242855131626e-04,2.885253273208069004e+03,4.097033559131917173e+03,3.635466386961850541e-03,3.123162961807089300e+00,1.393734216690063477e-01,3.514739229024943339e-03
4.036597907543182373e-01,9.402390569448471069e-02,3.803325394281845823e-02,2.001199312508106232e-02,4.929888241673498669e+03,2.957149408757686615e-02,5.570960816724038523e+03,1.370566579861111131e+04,7.457852135319930882e-04,2.882010617348138570e+00,7.519043087959289551e-01,1.022881669960474388e-02
4.553979635238647461e-01,1.286181658506393433e-01,1.799292206061604837e-02,7.995733618736267090e-02,3.864047042689483533e+03,1.226892136037349701e-02,5.600495703305105962e+03,1.328799048267281796e+04,6.567267034274926543e-03,3.170525209597852445e+00,2.053859978914260864e-01,8.730158730158730368e-03
9.797648191452026367e-01,9.708665311336517334e-02,1.902079441376839861e-02,3.751170262694358826e-02,2.537595675320327246e+03,3.992395009845495224e-03,3.560836411211919312e+03,7.219418845161933859e+03,1.592234280855351443e-03,3.103742344844059531e+00,4.509694874286651611e-01,1.213151927437641775e-02
3.969331979751586914e-01,1.689488887786865234e-01,2.410038010854585744e-02,1.498652398586273193e-01,2.351717292114417432e+03,3.991792909801006317e-03,3.718333692000890551e+03,7.349663890921294296e+03,2.313314540489177715e-02,3.145077817995881819e+00,2.183792740106582642e-01,8.276643990929704806e-03
4.375119209289550781e-01,2.787213958799839020e-02,1.928161390554303592e-02,1.339378505945205688e-01,2.397712901785678696e+03,2.221131464466452599e-03,3.178653106278685755e+03,7.000924333035023665e+03,1.879024083454462757e-02,3.133562129160472942e+00,2.211282402276992798e-01,9.599395313681027483e-03
5.996228456497192383e-01,4.657519608736038208e-02,1.013168325827339122e-02,1.828737556934356689e-01,2.298193996936867734e+03,2.400551689788699150e-03,3.445710642875079429e+03,7.061315634523752124e+03,3.329766345222016921e-02,3.143467317151568352e+00,1.776516139507293701e-01,7.369614512471656283e-03
3.956270813941955566e-01,2.518194168806076050e-02,2.496975605061151071e-02,5.795670673251152039e-02,3.301994566311420385e+03,7.929983548820018768e-03,4.960408138456850793e+03,1.071387688131893447e+04,3.655362482800308521e-03,3.129705626090422133e+00,2.323769479990005493e-01,9.070294784580499106e-03
4.888906478881835938e-01,5.735919624567031860e-02,8.038647640613474921e-02,1.360356993973255157e-02,4.726862597164345971e+03,4.334468767046928406e-02,4.821695897425005569e+03,1.171632436166158550e+04,5.406513612203216234e-04,3.100246901708042735e+00,4.260605275630950928e-01,8.323336857514639781e-03
4.429858326911926270e-01,8.106936514377593994e-02,6.596534936066443533e-02,2.637196518480777740e-02,3.218200627070854352e+03,9.994285181164741516e-03,4.170765422186952492e+03,9.471880224836131674e+03,9.011994882249767117e-04,3.104220781949673658e+00,4.291981756687164307e-01,1.046863189720332633e-02
6.210805177688598633e-01,3.378007560968399048e-02,2.452129301004505116e-02,8.278222382068634033e-02,2.955125785346546763e+03,5.057728849351406097e-03,3.335765585317791192e+03,7.574625030612060073e+03,7.613270406975248747e-03,3.165367631070581833e+00,3.441343605518341064e-01,1.088435374149659962e-02
8.482548594474792480e-01,3.509251400828361511e-02,4.641601828285947529e-02,3.877663239836692810e-02,3.490755645601298511e+03,5.064914003014564514e-03,3.387036197089699726e+03,7.660216179720757282e+03,2.231707424510780569e-03,3.187644488282448840e+00,2.091041803359985352e-01,7.369614512471656283e-03
1.099545598030090332e+00,3.674375638365745544e-02,6.449764432664328861e-02,9.712146222591400146e-02,4.732863031604619209e+03,1.732622087001800537e-02,3.775071548157113739e+03,9.988389809617718129e+03,1.292321751974408357e-02,3.257099080033658112e+00,2.055405378341674805e-01,8.267912907702984482e-03
6.503646969795227051e-01,1.321748085319995880e-02,2.418806718436179726e-02,8.162420988082885742e-02,2.364237923459337253e+03,2.805967349559068680e-03,2.962190715641411771e+03,6.044438450107633798e+03,7.906164384537880951e-03,3.192285000124006622e+00,2.543779909610748291e-01,9.712773998488284308e-03
3.081864714622497559e-01,2.074187621474266052e-02,1.488822822454345489e-02,1.106408163905143738e-01,2.391510809324012826e+03,2.950444584712386131e-03,3.424943284932397091e+03,7.123719423843242112e+03,1.324755471982028143e-02,3.125370006950511037e+00,2.446438074111938477e-01,9.259259259259258745e-03
6.176190376281738281e-01,1.528810057789087296e-02,3.338754988801332507e-02,3.414627164602279663e-02,2.749160423705619905e+03,4.872075747698545456e-03,3.693417445204490377e+03,7.735899055410095571e+03,5.202086636011340678e-03,3.078893934107154617e+00,1.181516125798225403e-01,1.927437641723356038e-03
1.141616106033325195e+00,1.327784955501556396e-01,4.727830979483093471e-02,8.968719281256198883e-03,4.652359027560331924e+03,3.676968812942504883e-02,5.120125357186620931e+03,1.210573893229166606e+04,1.374800992960591866e-04,2.982407783717517358e+00,5.863553285598754883e-01,9.615702752779248935e-03
3.727839887142181396e-01,3.268014639616012573e-02,2.186766216854262729e-02,1.051411312073469162e-02,3.550010625141107539e+03,8.056878112256526947e-03,5.231147554123374903e+03,1.241218327855916141e+04,2.124711441601807469e-04,3.026655639094705474e+00,3.208484053611755371e-01,1.031746031746031723e-02
7.919698357582092285e-01,9.948021918535232544e-02,2.912058301816247349e-02,5.510256811976432800e-02,3.080324280857135818e+03,5.331038497388362885e-03,3.816009021645963912e+03,8.742880466331269417e+03,4.076657787726950533e-03,3.104792909874459550e+00,4.775531888008117676e-01,1.126228269085412063e-02
4.048156440258026123e-01,1.593876034021377563e-01,1.186539453723465393e-02,1.363860815763473511e-01,2.756157325093507097e+03,3.684474620968103409e-03,4.315518322041982174e+03,9.132607276373233617e+03,1.988847259062280146e-02,3.039242612910315611e+00,2.031490057706832886e-01,7.936507936507936067e-03
6.596591472625732422e-01,1.014725789427757263e-01,2.750573509753412305e-02,1.085468754172325134e-02,4.355564038568154501e+03,2.044281922280788422e-02,5.029609883936475853e+03,1.117720711175293218e+04,3.433547430990145925e-04,3.041899897624863680e+00,3.419627845287322998e-01,6.444321065989848385e-03
1.816245019435882568e-01,1.028334349393844604e-01,5.024839680609472121e-03,2.151211500167846680e-01,2.187467020969620989e+03,8.875742554664611816e-03,4.856038870969910022e+03,9.400520557468220431e+03,2.745704130525541964e-02,3.013660809123468454e+00,1.570746004581451416e-01,6.677350427350427914e-03
0.000000000000000000e+00,0.000000000000000000e+00,2.114012516076186829e-02,1.086236089468002319e-01,2.133529550175768236e+03,4.190604202449321747e-03,2.667494242461280919e+03,4.886048005756579187e+03,1.389527943208032981e-02,3.236391223111422022e+00,1.994610279798507690e-01,9.164017729226361583e-03
0.000000000000000000e+00,0.000000000000000000e+00,2.801929233373912087e-02,2.247794158756732941e-02,2.377008328878216162e+03,1.233927439898252487e-03,3.539973060623623041e+03,5.713911282093532463e+03,1.158279990833412402e-03,2.960035369487048484e+00,2.751919925212860107e-01,8.125472411186695706e-03
0.000000000000000000e+00,0.000000000000000000e+00,1.495735267945131654e-02,9.131604433059692383e-02,5.438669242945068618e+03,2.420085947960615158e-03,2.395658241020830701e+03,7.553550158048930825e+03,1.027436419803245959e-02,3.186880761129644135e+00,2.380184978246688843e-01,9.939531368102796222e-03
0.000000000000000000e+00,0.000000000000000000e+00,3.029896808982262754e-02,9.005602449178695679e-02,3.230605723331952049e+03,7.315970025956630707e-03,2.986581360840855723e+03,6.835480199353448370e+03,1.673583449271922804e-02,3.048397805995033405e+00,7.259374260902404785e-01,1.125072004608294873e-02
0.000000000000000000e+00,0.000000000000000000e+00,7.508280660731291023e-02,1.850524917244911194e-02,5.606893347276991335e+03,5.795561522245407104e-02,5.151337918631346838e+03,1.360358024101139199e+04,9.258768925767507478e-04,2.980696319950136619e+00,8.611357808113098145e-01,1.027966742252456496e-02
0.000000000000000000e+00,0.000000000000000000e+00,7.481339003379804120e-02,1.819101721048355103e-02,5.425538425418983934e+03,5.497113987803459167e-02,5.160777606822200141e+03,1.373078780513798847e+04,6.733417101856238943e-04,3.053744813901539512e+00,5.703967809677124023e-01,1.133786848072562345e-02
0.000000000000000000e+00,0.000000000000000000e+00,3.657284895837857597e-02,1.389801874756813049e-02,3.443926240126370431e+03,9.944001212716102600e-03,4.859993805037209313e+03,1.083385079149750163e+04,7.879279548005040752e-04,3.063664680625981962e+00,5.615814328193664551e-01,1.020896241149521141e-02
0.000000000000000000e+00,0.000000000000000000e+00,2.842802166316647089e-02,2.563812583684921265e-02,7.337123886965368001e+03,1.943852752447128296e-01,4.886933885687204565e+03,1.476984818874867051e+04,8.347743657955642360e-04,2.401646748527168640e+00,1.338241696357727051e+00,1.394557823129251653e-02
0.000000000000000000e+00,0.000000000000000000e+00,2.214599120898206111e-02,1.050401106476783752e-01,7.189115721892691909e+03,2.189931422472000122e-01,5.294255781583358839e+03,1.509976702710792415e+04,1.132120298584937332e-02,3.108615168859770073e+00,4.274891912937164307e-01,1.300075585789871487e-02
0.000000000000000000e+00,0.000000000000000000e+00,1.240385947762368685e-02,1.716827899217605591e-01,1.489089228523185966e+03,8.520502015016973019e-04,2.823711164983489653e+03,3.560817136964597921e+03,3.214910105086041942e-02,2.900318144918792918e+00,2.223689109086990356e-01,9.260833657209482581e-03
0.000000000000000000e+00,0.000000000000000000e+00,1.248977200389658412e-02,8.641751110553741455e-02,1.259708754214163264e+03,1.784911437425762415e-04,1.997107105316016941e+03,3.305680011005224515e+03,1.009077676401305863e-02,2.998643652922823755e+00,3.285142779350280762e-01,1.111111111111111154e-02
1.013550162315368652e+00,6.468715518712997437e-02,1.403042159835065847e-02,1.114713847637176514e-01,2.466987210920844063e+03,2.548494143411517143e-03,2.700557607190364251e+03,5.929534978246540959e+03,1.364339018983310760e-02,3.245744171305321224e+00,1.946793347597122192e-01,8.163265306122449716e-03
4.092403948307037354e-01,1.252119545824825764e-03,7.420078707148897688e-03,1.704298853874206543e-01,1.121688201730817354e+03,4.998350414098240435e-05,1.795409881089243072e+03,3.023569216890600728e+03,3.329759581910667066e-02,3.092467467853722063e+00,1.792570352554321289e-01,7.747543461829176428e-03
8.974192142486572266e-01,5.080050602555274963e-02,1.217265399174775539e-02,4.351701959967613220e-02,1.240997538039120627e+03,1.987810683203861117e-04,1.951970677985628072e+03,2.976786166447973301e+03,3.554657980324460627e-03,3.109037793111967041e+00,1.351579129695892334e-01,6.273620559334844651e-03
4.466771483421325684e-01,2.834896929562091827e-02,1.281517207924277695e-02,4.184259846806526184e-02,1.605752286477758616e+03,9.716000058688223362e-04,2.693210274538371323e+03,4.681184193519616201e+03,3.686378182824143548e-03,3.020552026520626931e+00,1.407039910554885864e-01,5.857898715041572231e-03
5.250106453895568848e-01,3.506276383996009827e-02,6.970270980488706483e-03,8.737554401159286499e-02,1.308821368511904211e+03,1.634843065403401852e-04,1.986638491317546595e+03,3.211834745141374697e+03,1.050296509932199286e-02,3.160696534086678167e+00,2.043735235929489136e-01,7.634164777021919604e-03
1.989119052886962891e-01,1.747669465839862823e-02,1.894993800360116054e-02,7.169847190380096436e-02,6.034656856882223110e+03,9.522901475429534912e-02,5.102406595813182321e+03,1.376562092784019478e+04,5.238978166569866445e-03,3.221315168108869642e+00,3.442524671554565430e-01,1.254724111866968930e-02
5.025110840797424316e-01,7.115596532821655273e-02,1.716196527509698463e-02,4.973299801349639893e-02,2.016728016064117355e+03,1.272085937671363354e-03,3.123061650910943627e+03,5.658474117314483010e+03,4.376808639801105585e-03,3.055984678314017433e+00,2.132527679204940796e-01,8.919123204837490007e-03
5.983260273933410645e-01,8.041539043188095093e-02,2.114536889083517071e-02,8.046988397836685181e-02,2.250554368628967950e+03,2.772519132122397423e-03,3.545617410104680403e+03,6.856795259155978783e+03,7.516128204086786058e-03,3.131067489836866891e+00,1.939658224582672119e-01,7.716514092989640999e-03
6.586118936538696289e-01,1.652216017246246338e-01,4.348353353292001150e-02,4.875547066330909729e-02,1.978034681548034996e+03,1.119793392717838287e-03,2.842309718624796460e+03,5.126889831731931736e+03,4.611371946598477080e-03,3.133183730308038761e+00,1.538505256175994873e-01,6.462585034013606025e-03
4.195555672049522400e-02,3.580398485064506531e-02,5.356522383578781431e-03,1.598752886056900024e-01,1.444393247334942771e+03,6.079495651647448540e-04,2.570383177570131011e+03,4.391352403314553158e+03,2.764602056667405522e-02,3.033591496151744504e+00,6.095829010009765625e-01,1.349631320224719058e-02
3.332772552967071533e-01,2.515167370438575745e-02,1.658266100080445574e-02,1.913678497076034546e-01,5.624718530686043778e+03,6.457743048667907715e-02,5.135652939967346356e+03,1.315235796949073665e+04,3.685388591812989445e-02,3.239684996171759757e+00,1.971699446439743042e-01,8.352229780801209355e-03
2.523652315139770508e-01,1.679593175649642944e-01,1.675392625045167908e-02,1.365150511264801025e-01,5.115520720115187942e+03,4.851044341921806335e-02,5.037018620604829266e+03,1.277873522873633374e+04,1.886963357921649445e-02,3.216671898059478174e+00,2.878854572772979736e-01,1.148904006046863255e-02
0.000000000000000000e+00,0.000000000000000000e+00,9.525606269482792682e-03,1.849573105573654175e-01,2.564521272562226386e+03,4.686687141656875610e-03,4.180558801187831705e+03,8.408394598433660576e+03,3.676475217976828830e-02,3.054183317064282033e+00,1.739983707666397095e-01,7.955143960674157869e-03
0.000000000000000000e+00,0.000000000000000000e+00,8.123791083773665087e-03,8.416499942541122437e-02,1.915018754395994392e+03,1.289668609388172626e-03,2.750935038522170089e+03,4.860787274151025485e+03,1.162216403813870133e-02,3.098074042545354345e+00,1.808604001998901367e-01,7.747543461829176428e-03
0.000000000000000000e+00,0.000000000000000000e+00,2.501768041927981186e-03,1.086397096514701843e-01,6.225492396427887343e+02,2.578633029770571738e-05,1.406500425784239269e+03,1.152297198883151168e+03,1.594769660582726414e-02,3.061231159617714859e+00,5.042869597673416138e-02,2.872260015117158137e-03
7.791252732276916504e-01,7.416643667966127396e-03,8.706395392637539254e-03,7.332579046487808228e-02,1.759700189982425627e+03,1.210846821777522564e-03,3.548944655637918004e+03,3.510153774580350273e+03,7.492643182271816783e-03,3.169451779184650597e+00,1.408552527427673340e-01,7.105064247921390359e-03
3.288263082504272461e-01,5.936802481301128864e-04,1.067340647799840982e-02,4.232629761099815369e-02,2.790531554293893805e+03,6.097102537751197815e-03,3.355178372132738332e+03,7.026475259305673717e+03,2.508600111520148737e-03,3.197799399613450611e+00,3.604440987110137939e-01,1.150859308283518241e-02
0.000000000000000000e+00,0.000000000000000000e+00,3.657740695127682795e-02,1.490000355988740921e-02,4.901618611919052455e+03,5.554176121950149536e-02,4.913607569664221955e+03,1.256643234583615595e+04,6.274349098066132500e-04,3.050331824727316121e+00,6.951866745948791504e-01,1.235827664399092966e-02
1.925734281539916992e-01,7.685236167162656784e-03,6.569007086073516341e-03,8.905876427888870239e-02,4.448312206767811858e+02,2.992819063365459442e-03,1.169605450022138712e+03,7.070341277031843674e+02,1.288246183458021700e-02,3.025508191335496200e+00,5.639202427119016647e-03,7.440476190476190063e-04
1.156271770596504211e-01,1.946233958005905151e-02,2.601268392470597150e-03,1.673928946256637573e-01,5.535901564645085955e+02,4.061723011545836926e-04,1.662965804864401207e+03,8.637620972102075712e+02,3.371577454745814523e-02,2.973592270698434348e+00,9.947565197944641113e-02,4.582331730769230969e-03
3.557626605033874512e-01,1.094351112842559814e-01,6.534626871002306714e-03,6.709836423397064209e-02,1.316113004647369735e+03,9.882521117106080055e-04,2.795385282165088029e+03,3.241378772417023356e+03,6.427120340283221447e-03,3.020890300176254151e+00,2.380051165819168091e-01,9.874410882604970144e-03
7.021640986204147339e-02,3.517487272620201111e-02,6.357722525030908185e-03,7.707890123128890991e-02,1.270314144783205393e+03,2.278884203406050801e-04,2.979706697759628241e+03,3.685906878492042324e+03,8.204306960017055186e-03,2.711431091640714719e+00,2.797497808933258057e-01,1.027966742252456496e-02
